id,imageSku,category,gender,subcategory,price,desc
HOBF01,HOBF01,WATCHES,MEN,WATCHES_MEN,,"Alloy Case ; SS Chain ; Shaffer Patern ; IP Plating ; Rose Gold"
HOBF02,HOBF02,WATCHES,MEN,WATCHES_MEN,,"Alloy Case ; SS Chain ; Shaffer Patern ; IP Plating ; Rose Gold"
HOBF03,HOBF03,WATCHES,MEN,WATCHES_MEN,,"Alloy Case ; SS Chain ; Shaffer Patern ; IP Plating ; Rose Gold"
HOBF04,HOBF04,WATCHES,MEN,WATCHES_MEN,,"Alloy Case ; SS Chain ; Shaffer Patern ; IP Plating ; Rose Gold"
HOBF05,HOBF05,WATCHES,MEN,WATCHES_MEN,,"Alloy Case ; SS Chain ; Shaffer Patern ; IP Plating ; Rose Gold"
HOBF06,HOBF06,WATCHES,MEN,WATCHES_MEN,,"Alloy Case ; SS Chain ; Shaffer Patern ; IP Plating ; Rose Gold"
HOBF07,HOBF07,WATCHES,MEN,WATCHES_MEN,,"Brass Case ; SS Chain ; Shaffer Patern ; IP Plating ; IPS"
HOBF08,HOBF08,WATCHES,MEN,WATCHES_MEN,,"Brass Case ; SS Chain ; Shaffer Patern ; IP Plating ; IPS"
HOBF09,HOBF09,WATCHES,MEN,WATCHES_MEN,,"Brass Case ; SS Chain ; Shaffer Patern ; IP Plating ; IPS"
HOBF10,HOBF10,WATCHES,MEN,WATCHES_MEN,,"Brass Case ; SS Chain ; Shaffer Patern ; IP Plating ; IPS"
HOBF11,HOBF11,WATCHES,MEN,WATCHES_MEN,,"Alloy Case ; SS Chain ; Lobor Lock ; IP Plating ; IPS"
HOBF12,HOBF12,WATCHES,MEN,WATCHES_MEN,,"Alloy Case ; SS Chain ; Lobor Lock ; IP Plating ; IPS"
HOBF13,HOBF13,WATCHES,MEN,WATCHES_MEN,,"Alloy Case ; SS Chain ; Lobor Lock ; IP Plating ; IPS"
HOBF14,HOBF14,WATCHES,MEN,WATCHES_MEN,,"Alloy Case ; SS Chain ; Lobor Lock ; IP Plating ; IPS"
HOBF15,HOBF15,WATCHES,MEN,WATCHES_MEN,,"Alloy Case ; SS Chain ; Lobor Lock ; IP Plating ; IPS"
HOBF16,HOBF16,WATCHES,MEN,WATCHES_MEN,,"Alloy Case ; SS Chain ; Lobor Lock ; IP Plating ; IPS"
HOBF17,HOBF17,WATCHES,MEN,WATCHES_MEN,,"Alloy Case ; SS Chain ; Lobor Lock ; IP Plating ; Gold"
HOBF18,HOBF18,WATCHES,MEN,WATCHES_MEN,,"Alloy Case ; SS Chain ; Lobor Lock ; IP Plating ; Gold"
HOBF19,HOBF19,WATCHES,MEN,WATCHES_MEN,,"Alloy Case ; SS Chain ; Lobor Lock ; IP Plating ; Gold"
HOBF20,HOBF20,WATCHES,MEN,WATCHES_MEN,,"Alloy Case ; SS Chain ; Lobor Lock ; IP Plating ; Gold"
HOBF21,HOBF21,WATCHES,MEN,WATCHES_MEN,,"Alloy Case ; SS Chain ; Lobor Lock ; IP Plating ; Rose Gold"
HOBF22,HOBF22,WATCHES,MEN,WATCHES_MEN,,"Alloy Case ; SS Chain ; Shaffer Patern ; IP Plating ; Rose Gold"
HOBF23,HOBF23,WATCHES,MEN,WATCHES_MEN,,"Alloy Case ; SS Chain ; Shaffer Patern ; IP Plating ; Rose Gold"
HOBF24,HOBF24,WATCHES,MEN,WATCHES_MEN,,"Alloy Case ; SS Chain ; Shaffer Patern ; IP Plating ; IPS"
HOBF25,HOBF25,WATCHES,MEN,WATCHES_MEN,,"Alloy Case ; SS Chain ; Shaffer Patern ; IP Plating ; IPS"
HOBF26,HOBF26,WATCHES,MEN,WATCHES_MEN,,"Alloy Case ; SS Chain ; Shaffer Patern ; IP Plating ; Black"
HOBF27,HOBF27,WATCHES,MEN,WATCHES_MEN,,"Alloy Case ; SS Chain ; Shaffer Patern ; IP Plating ; IPS"
HOBF28,HOBF28,WATCHES,MEN,WATCHES_MEN,,"Alloy Case ; SS Chain ; Shaffer Patern ; IP Plating ; IPS"
HOBF29,HOBF29,WATCHES,MEN,WATCHES_MEN,,"Alloy Case ; SS Chain ; Shaffer Patern ; IP Plating ; Rose Gold"
HOBF30,HOBF30,WATCHES,MEN,WATCHES_MEN,,"Alloy Case ; SS Chain ; Shaffer Patern ; IP Plating ; Rose Gold"
HOBF31,HOBF31,WATCHES,MEN,WATCHES_MEN,,"Alloy Case ; SS Chain ; Shaffer Patern ; IP Plating ; Rose Gold"
HOBF32,HOBF32,WATCHES,MEN,WATCHES_MEN,,"Alloy Case ; Silicon Band ; Designer Dial ; IP Plating ; Black"
HOBF33,HOBF33,WATCHES,MEN,WATCHES_MEN,,"Alloy Case ; Silicon Band ; Designer Dial ; IP Plating ; Black"
HOBF34,HOBF34,WATCHES,MEN,WATCHES_MEN,,"Alloy Case ; Silicon Band ; Designer Dial ; IP Plating ; Green"
HOBF35,HOBF35,WATCHES,MEN,WATCHES_MEN,,"Alloy Case ; Silicon Band ; Designer Dial ; IP Plating ; Silver"
HOBF36,HOBF36,WATCHES,MEN,WATCHES_MEN,,"Alloy Case ; Silicon Band ; Designer Dial ; IP Plating ; Blue"
HOBF37,HOBF37,WATCHES,MEN,WATCHES_MEN,,"Alloy Case ; Silicon Band ; Designer Dial ; IP Plating ; Black"
HOBF38,HOBF38,WATCHES,MEN,WATCHES_MEN,,"Alloy Case ; Silicon Band ; Designer Dial ; IP Plating ; Blue"
HOBF39,HOBF39,WATCHES,MEN,WATCHES_MEN,,"Alloy Case ; Silicon Band ; Designer Dial ; IP Plating ; Dark Brown"
HOBF40,HOBF40,WATCHES,MEN,WATCHES_MEN,,"Alloy Case ; Silicon Band ; Designer Dial ; IP Plating ; Silver"
HOBF41,HOBF41,WATCHES,MEN,WATCHES_MEN,,"Alloy Case ; Silicon Band ; Designer Dial ; IP Plating ; Black"
HOBF42,HOBF42,WATCHES,MEN,WATCHES_MEN,,"Alloy Case ; Silicon Band ; Designer Dial ; IP Plating ; Silver"
HOBF43,HOBF43,WATCHES,MEN,WATCHES_MEN,,"Alloy Case ; SS Chain ; Lobor Lock ; IP Plating ; IPS"
HOBF44,HOBF44,WATCHES,MEN,WATCHES_MEN,,"Alloy Case ; SS Chain ; Lobor Lock ; IP Plating ; IPS"
HOBF45,HOBF45,WATCHES,MEN,WATCHES_MEN,,"Alloy Case ; SS Chain ; Lobor Lock ; IP Plating ; IPS"
HOBF46,HOBF46,WATCHES,MEN,WATCHES_MEN,,"Alloy Case ; SS Chain ; Lobor Lock ; IP Plating ; IPS"
HOBF47,HOBF47,WATCHES,MEN,WATCHES_MEN,,"Alloy Case ; SS Chain ; Lobor Lock ; IP Plating ; IPS"
HOBF48,HOBF48,WATCHES,MEN,WATCHES_MEN,,"Alloy Case ; SS Chain ; Lobor Lock ; IP Plating ; IPS"
HOBF49,HOBF49,WATCHES,MEN,WATCHES_MEN,,"Alloy Case ; SS Chain ; Lobor Lock ; IP Plating ; IPS"
HOBF50,HOBF50,WATCHES,MEN,WATCHES_MEN,,"Alloy Case ; SS Chain ; Lobor Lock ; IP Plating ; IPS"
HOBF51,HOBF51,WATCHES,MEN,WATCHES_MEN,,"Alloy Case ; SS Chain ; Lobor Lock ; IP Plating ; IPS"
HOBF52,HOBF52,WATCHES,MEN,WATCHES_MEN,,"Alloy Case ; Silicon Band ; Designer Dial ; IP Plating ; Blue"
HOBF53,HOBF53,WATCHES,MEN,WATCHES_MEN,,"Alloy Case ; Silicon Band ; Designer Dial ; IP Plating ; Silver"
HOBF54,HOBF54,WATCHES,MEN,WATCHES_MEN,,"Alloy Case ; Silicon Band ; Designer Dial ; IP Plating ; Black"
HOBF55,HOBF55,WATCHES,MEN,WATCHES_MEN,,"Alloy Case ; Silicon Band ; Designer Dial ; IP Plating ; Black"
HOBF56,HOBF56,WATCHES,MEN,WATCHES_MEN,,"Alloy Case ; Silicon Band ; Designer Dial ; IP Plating ; Black"
HOBF57,HOBF57,WATCHES,MEN,WATCHES_MEN,,"Alloy Case ; Silicon Band ; Designer Dial ; IP Plating ; Black"
HOBF58,HOBF58,WATCHES,MEN,WATCHES_MEN,,"Alloy Case ; Silicon Band ; Designer Dial ; IP Plating ; Blue"
HOBF59,HOBF59,WATCHES,MEN,WATCHES_MEN,,"Alloy Case ; Silicon Band ; Designer Dial ; IP Plating ; Green"
HOBF60,HOBF60,WATCHES,MEN,WATCHES_MEN,,"Alloy Case ; Silicon Band ; Designer Dial ; IP Plating ; Silver"
HOBF61,HOBF61,WATCHES,MEN,WATCHES_MEN,,"Alloy Case ; Silicon Band ; Designer Dial ; IP Plating ; Black"
HOBF62,HOBF62,WATCHES,MEN,WATCHES_MEN,,"Alloy Case ; Silicon Band ; Designer Dial ; IP Plating ; Black"
HOBF63,HOBF63,WATCHES,MEN,WATCHES_MEN,,"Alloy Case ; Silicon Band ; Designer Dial ; IP Plating ; Black"
HOBF64,HOBF64,WATCHES,MEN,WATCHES_MEN,,"Alloy Case ; Silicon Band ; Designer Dial ; IP Plating ; Silver"
HOBF65,HOBF65,WATCHES,MEN,WATCHES_MEN,,"Alloy Case ; Silicon Band ; Designer Dial ; IP Plating ; Silver"
HOBF66,HOBF66,WATCHES,MEN,WATCHES_MEN,,"Alloy Case ; Silicon Band ; Designer Dial ; IP Plating ; Black"
HOBF67,HOBF67,WATCHES,MEN,WATCHES_MEN,,"Alloy Case ; Silicon Band ; Designer Dial ; IP Plating ; Black"
HOBF68,HOBF68,WATCHES,MEN,WATCHES_MEN,,"Alloy Case ; Silicon Band ; Designer Dial ; IP Plating ; Silver"
HOBF69,HOBF69,WATCHES,MEN,WATCHES_MEN,,"Alloy Case ; Silicon Band ; Designer Dial ; IP Plating ; Black"
HOBF70,HOBF70,WATCHES,MEN,WATCHES_MEN,,"Alloy Case ; Silicon Band ; Designer Dial ; IP Plating ; Black"
HOBF71,HOBF71,WATCHES,MEN,WATCHES_MEN,,"Alloy Case ; Silicon Band ; Designer Dial ; IP Plating ; Black"
HOBF72,HOBF72,WATCHES,MEN,WATCHES_MEN,,"Alloy Case ; Silicon Band ; Designer Dial ; IP Plating ; Black"
HOBF73,HOBF73,WATCHES,MEN,WATCHES_MEN,,"Brass Case ; SS Chain ; Shaffer Patern ; IP Plating ; Rose Gold"
HOBF74,HOBF74,WATCHES,MEN,WATCHES_MEN,,"Brass Case ; SS Chain ; Shaffer Patern ; IP Plating ; Rose Gold"
HOBF75,HOBF75,WATCHES,MEN,WATCHES_MEN,,"Brass Case ; SS Chain ; Shaffer Patern ; IP Plating ; Rose Gold"
HOBF76,HOBF76,WATCHES,MEN,WATCHES_MEN,,"Brass Case ; SS Chain ; Shaffer Patern ; IP Plating ; Black"
HOBF77,HOBF77,WATCHES,MEN,WATCHES_MEN,,"Alloy Case ; SS Chain ; Lobor Lock ; IP Plating ; IPS"
HOBF78,HOBF78,WATCHES,MEN,WATCHES_MEN,,"Alloy Case ; SS Chain ; Lobor Lock ; IP Plating ; IPS"
HOBF79,HOBF79,WATCHES,MEN,WATCHES_MEN,,"Alloy Case ; SS Chain ; Lobor Lock ; IP Plating ; IPS"
HOBF80,HOBF80,WATCHES,MEN,WATCHES_MEN,,"Alloy Case ; Leather Band ; Genuine Leather ; IP Plating ; Silver"
HOBF81,HOBF81,WATCHES,MEN,WATCHES_MEN,,"Alloy Case ; Leather Band ; Genuine Leather ; IP Plating ; Silver"
HOBF82,HOBF82,WATCHES,MEN,WATCHES_MEN,,"Alloy Case ; Leather Band ; Genuine Leather ; IP Plating ; Black"
HOBF83,HOBF83,WATCHES,MEN,WATCHES_MEN,,"Alloy Case ; Leather Band ; Genuine Leather ; IP Plating ; Black"
HOBF84,HOBF84,WATCHES,MEN,WATCHES_MEN,,"Alloy Case ; SS Chain ; Solid Chain ; IP Plating ; IPS"
HOBF85,HOBF85,WATCHES,MEN,WATCHES_MEN,,"Alloy Case ; SS Chain ; Solid Chain ; IP Plating ; IPS"
HOBF86,HOBF86,WATCHES,MEN,WATCHES_MEN,,"Alloy Case ; SS Chain ; Solid Chain ; IP Plating ; IPS"
HOBF87,HOBF87,WATCHES,MEN,WATCHES_MEN,,"Alloy Case ; SS Chain ; Solid Chain ; IP Plating ; IPS"
HOBF88,HOBF88,WATCHES,MEN,WATCHES_MEN,,"Brass Case ; Leather Band ; Genuine Leather ; IP Plating ; Black"
HOBF89,HOBF89,WATCHES,MEN,WATCHES_MEN,,"Brass Case ; Silicon Band ; Designer Dial ; IP Plating ; Black"
HOBF90,HOBF90,WATCHES,MEN,WATCHES_MEN,,"Brass Case ; Leather Band ; Genuine Leather ; IP Plating ; Black"
HOBF91,HOBF91,WATCHES,MEN,WATCHES_MEN,,"Brass Case ; Leather Band ; Genuine Leather ; IP Plating ; Black"
HOBF92,HOBF92,WATCHES,MEN,WATCHES_MEN,,"Brass Case ; SS Chain ; Lobor Lock ; IP Plating ; IPS"
HOBF93,HOBF93,WATCHES,MEN,WATCHES_MEN,,"Brass Case ; SS Chain ; Lobor Lock ; IP Plating ; IPS"
HOBF94,HOBF94,WATCHES,MEN,WATCHES_MEN,,"Brass Case ; SS Chain ; Lobor Lock ; IP Plating ; Black"
HOBF95,HOBF95,WATCHES,MEN,WATCHES_MEN,,"Brass Case ; SS Chain ; Lobor Lock ; IP Plating ; IPS"
HOBF96,HOBF96,WATCHES,MEN,WATCHES_MEN,,"Brass Case ; Silicon Band ; Designer Dial ; IP Plating ; Black"
HOBF97,HOBF97,WATCHES,MEN,WATCHES_MEN,,"Brass Case ; SS Chain ; Lobor Lock ; IP Plating ; IPS"
HOBF98,HOBF98,WATCHES,MEN,WATCHES_MEN,,"Brass Case ; Silicon Band ; Designer Dial ; IP Plating ; Black"
HOBF99,HOBF99,WATCHES,MEN,WATCHES_MEN,,"Brass Case ; SS Chain ; Lobor Lock ; IP Plating ; IPS"
HOB100,HOB100,WATCHES,MEN,WATCHES_MEN,,"Brass Case ; Leather Band ; Genuine Leather ; IP Plating ; Silver"
HOB101,HOB101,WATCHES,MEN,WATCHES_MEN,,"Brass Case ; Leather Band ; Genuine Leather ; IP Plating ; Silver"
HOB102,HOB102,WATCHES,MEN,WATCHES_MEN,,"Brass Case ; Leather Band ; Genuine Leather ; IP Plating ; Silver"
HOB103,HOB103,WATCHES,MEN,WATCHES_MEN,,"Brass Case ; Leather Band ; Genuine Leather ; IP Plating ; Silver"
HOB104,HOB104,WATCHES,MEN,WATCHES_MEN,,"Brass Case ; Leather Band ; Genuine Leather ; IP Plating ; Silver"
HOB105,HOB105,WATCHES,MEN,WATCHES_MEN,,"Brass Case ; Leather Band ; Genuine Leather ; IP Plating ; Silver"
HOB106,HOB106,WATCHES,MEN,WATCHES_MEN,,"Brass Case ; Leather Band ; Genuine Leather ; IP Plating ; Silver"
HOB107,HOB107,WATCHES,MEN,WATCHES_MEN,,"Brass Case ; Leather Band ; Genuine Leather ; IP Plating ; Silver"
HOB108,HOB108,WATCHES,MEN,WATCHES_MEN,,"Brass Case ; Leather Band ; Genuine Leather ; IP Plating ; Silver"
HOB109,HOB109,WATCHES,MEN,WATCHES_MEN,,"Brass Case ; Leather Band ; Genuine Leather ; IP Plating ; Black"
HOB110,HOB110,WATCHES,MEN,WATCHES_MEN,,"Brass Case ; Leather Band ; Genuine Leather ; IP Plating ; Silver"
HOB111,HOB111,WATCHES,MEN,WATCHES_MEN,,"Brass Case ; Leather Band ; Genuine Leather ; IP Plating ; Silver"
HOB112,HOB112,WATCHES,MEN,WATCHES_MEN,,"Brass Case ; Leather Band ; Genuine Leather ; IP Plating ; Silver"
HOB113,HOB113,WATCHES,MEN,WATCHES_MEN,,"Brass Case ; Leather Band ; Genuine Leather ; IP Plating ; Silver"
HOB114,HOB114,WATCHES,MEN,WATCHES_MEN,,"Brass Case ; Leather Band ; Genuine Leather ; IP Plating ; Silver"
HOB115,HOB115,WATCHES,MEN,WATCHES_MEN,,"Brass Case ; SS Chain ; Lobor Lock ; IP Plating ; IPS"
HOB116,HOB116,WATCHES,MEN,WATCHES_MEN,,"Brass Case ; SS Chain ; Lobor Lock ; IP Plating ; Black"
HOB117,HOB117,WATCHES,MEN,WATCHES_MEN,,"Brass Case ; SS Chain ; Lobor Lock ; IP Plating ; IPS"
HOB118,HOB118,WATCHES,MEN,WATCHES_MEN,,"Alloy Case ; SS Chain ; Shaffer Patern ; IP Plating ; Black"
HOB119,HOB119,WATCHES,MEN,WATCHES_MEN,,"Alloy Case ; SS Chain ; Shaffer Patern ; IP Plating ; IPS"
HOB120,HOB120,WATCHES,MEN,WATCHES_MEN,,"Alloy Case ; SS Chain ; Shaffer Patern ; IP Plating ; Black"
HOB121,HOB121,WATCHES,MEN,WATCHES_MEN,,"Alloy Case ; SS Chain ; Shaffer Patern ; IP Plating ; Black"
HOB122,HOB122,WATCHES,MEN,WATCHES_MEN,,"Alloy Case ; Leather Band ; Genuine Leather ; IP Plating ; Silver"
HOB123,HOB123,WATCHES,MEN,WATCHES_MEN,,"Alloy Case ; Leather Band ; Genuine Leather ; IP Plating ; Silver"
HOB124,HOB124,WATCHES,MEN,WATCHES_MEN,,"Alloy Case ; Leather Band ; Genuine Leather ; IP Plating ; Silver"
HOB125,HOB125,WATCHES,MEN,WATCHES_MEN,,"Alloy Case ; Leather Band ; Genuine Leather ; IP Plating ; Silver"
HOB126,HOB126,WATCHES,MEN,WATCHES_MEN,,"Alloy Case ; Leather Band ; Genuine Leather ; IP Plating ; Silver"
HOB127,HOB127,WATCHES,MEN,WATCHES_MEN,,"Alloy Case ; Leather Band ; Genuine Leather ; IP Plating ; Silver"
HOB128,HOB128,WATCHES,MEN,WATCHES_MEN,,"Alloy Case ; Leather Band ; Genuine Leather ; IP Plating ; Silver"
HOB129,HOB129,WATCHES,MEN,WATCHES_MEN,,"Alloy Case ; Leather Band ; Genuine Leather ; IP Plating ; Silver"
HOB130,HOB130,WATCHES,MEN,WATCHES_MEN,,"Alloy Case ; Leather Band ; Genuine Leather ; IP Plating ; Silver"
HOB131,HOB131,WATCHES,MEN,WATCHES_MEN,,"Alloy Case ; Leather Band ; Genuine Leather ; IP Plating ; Silver"
HOB132,HOB132,WATCHES,MEN,WATCHES_MEN,,"Alloy Case ; SS Chain ; Shaffer Patern ; IP Plating ; IPS"
HOB133,HOB133,WATCHES,MEN,WATCHES_MEN,,"Alloy Case ; SS Chain ; Shaffer Patern ; IP Plating ; Gold"
HOB134,HOB134,WATCHES,MEN,WATCHES_MEN,,"Alloy Case ; SS Chain ; Shaffer Patern ; IP Plating ; Gold"
HOB135,HOB135,WATCHES,MEN,WATCHES_MEN,,"Alloy Case ; SS Chain ; Shaffer Patern ; IP Plating ; IPS"
HOB136,HOB136,WATCHES,MEN,WATCHES_MEN,,"Alloy Case ; SS Chain ; Shaffer Patern ; IP Plating ; IPS"
HOB137,HOB137,WATCHES,MEN,WATCHES_MEN,,"Alloy Case ; SS Chain ; Shaffer Patern ; IP Plating ; IPS"
HOB138,HOB138,WATCHES,MEN,WATCHES_MEN,,"Alloy Case ; Silicon Band ; Designer Dial ; IP Plating ; Black"
HOB139,HOB139,WATCHES,MEN,WATCHES_MEN,,"Alloy Case ; Silicon Band ; Designer Dial ; IP Plating ; Black"
HOB140,HOB140,WATCHES,MEN,WATCHES_MEN,,"Alloy Case ; Silicon Band ; Designer Dial ; IP Plating ; Black"
HOB141,HOB141,WATCHES,MEN,WATCHES_MEN,,"Alloy Case ; Silicon Band ; Designer Dial ; IP Plating ; Black"
HOB142,HOB142,WATCHES,MEN,WATCHES_MEN,,"Alloy Case ; Silicon Band ; Designer Dial ; IP Plating ; Black"
HOB143,HOB143,WATCHES,MEN,WATCHES_MEN,,"Alloy Case ; Silicon Band ; Designer Dial ; IP Plating ; Black"
HOB144,HOB144,WATCHES,MEN,WATCHES_MEN,,"Alloy Case ; SS Chain ; Lobor Lock ; IP Plating ; IPS"
HOB145,HOB145,WATCHES,MEN,WATCHES_MEN,,"Alloy Case ; SS Chain ; Lobor Lock ; IP Plating ; IPS"
HOB146,HOB146,WATCHES,MEN,WATCHES_MEN,,"Alloy Case ; SS Chain ; Lobor Lock ; IP Plating ; Black"
HOB147,HOB147,WATCHES,MEN,WATCHES_MEN,,"Alloy Case ; SS Chain ; Lobor Lock ; IP Plating ; IPS"
HOB148,HOB148,WATCHES,MEN,WATCHES_MEN,,"Alloy Case ; SS Chain ; Lobor Lock ; IP Plating ; IPS"
HOB149,HOB149,WATCHES,MEN,WATCHES_MEN,,"Alloy Case ; SS Chain ; Lobor Lock ; IP Plating ; Black"
HOB150,HOB150,WATCHES,MEN,WATCHES_MEN,,"Alloy Case ; SS Chain ; Lobor Lock ; IP Plating ; IPS"
HOB151,HOB151,WATCHES,MEN,WATCHES_MEN,,"Alloy Case ; SS Chain ; Lobor Lock ; IP Plating ; IPS"
HOB152,HOB152,WATCHES,MEN,WATCHES_MEN,,"Alloy Case ; SS Chain ; Lobor Lock ; IP Plating ; IPS"
HOB153,HOB153,WATCHES,MEN,WATCHES_MEN,,"Alloy Case ; SS Chain ; Lobor Lock ; IP Plating ; IPS"
HOB154,HOB154,WATCHES,MEN,WATCHES_MEN,,"Alloy Case ; SS Chain ; Lobor Lock ; IP Plating ; IPS"
HOB155,HOB155,WATCHES,MEN,WATCHES_MEN,,"Alloy Case ; Silicon Band ; Designer Dial ; IP Plating ; Silver"
HOB156,HOB156,WATCHES,MEN,WATCHES_MEN,,"Alloy Case ; Silicon Band ; Designer Dial ; IP Plating ; Silver"
HOB157,HOB157,WATCHES,MEN,WATCHES_MEN,,"Alloy Case ; Silicon Band ; Designer Dial ; IP Plating ; Silver"
HOB158,HOB158,WATCHES,MEN,WATCHES_MEN,,"Alloy Case ; Silicon Band ; Designer Dial ; IP Plating ; Silver"
HOB159,HOB159,WATCHES,MEN,WATCHES_MEN,,"Alloy Case ; Silicon Band ; Designer Dial ; IP Plating ; Silver"
HOB160,HOB160,WATCHES,MEN,WATCHES_MEN,,"Alloy Case ; Silicon Band ; Designer Dial ; IP Plating ; Silver"
HOB161,HOB161,WATCHES,MEN,WATCHES_MEN,,"Alloy Case ; Silicon Band ; Designer Dial ; IP Plating ; Silver"
HOB162,HOB162,WATCHES,MEN,WATCHES_MEN,,"Alloy Case ; Silicon Band ; Designer Dial ; IP Plating ; Silver"
HOB163,HOB163,WATCHES,MEN,WATCHES_MEN,,"Alloy Case ; SS Chain ; Lobor Lock ; IP Plating ; IPS"
HOB164,HOB164,WATCHES,MEN,WATCHES_MEN,,"Alloy Case ; SS Chain ; Lobor Lock ; IP Plating ; IPS"
HOB165,HOB165,WATCHES,MEN,WATCHES_MEN,,"Alloy Case ; SS Chain ; Lobor Lock ; IP Plating ; IPS"
HOB166,HOB166,WATCHES,MEN,WATCHES_MEN,,"Alloy Case ; SS Chain ; Lobor Lock ; IP Plating ; IPS"
HOB167,HOB167,WATCHES,MEN,WATCHES_MEN,,"Brass Case ; SS Chain ; Shaffer Patern ; IP Plating ; Black"
HOB168,HOB168,WATCHES,MEN,WATCHES_MEN,,"Brass Case ; SS Chain ; Shaffer Patern ; IP Plating ; Black"
HOB169,HOB169,WATCHES,MEN,WATCHES_MEN,,"Brass Case ; SS Chain ; Solid Chain ; IP Plating ; Silver"
HOB170,HOB170,WATCHES,MEN,WATCHES_MEN,,"Brass Case ; SS Chain ; Solid Chain ; IP Plating ; Black"
HOB201,HOB201,WATCHES,WOMEN,WATCHES_WOMEN,,"Alloy Case ; Alloy Chain ; Plastic Chip ; swarovski Stone ; Rose Gold"
HOB202,HOB202,WATCHES,WOMEN,WATCHES_WOMEN,,"Alloy Case ; Alloy Chain ; Plastic Chip ; swarovski Stone ; Rose Gold"
HOB203,HOB203,WATCHES,WOMEN,WATCHES_WOMEN,,"Alloy Case ; Alloy Chain ; Plastic Chip ; swarovski Stone ; Rose Gold"
HOB204,HOB204,WATCHES,WOMEN,WATCHES_WOMEN,,"Alloy Case ; Alloy Chain ; Plastic Chip ; swarovski Stone ; Rose Gold"
HOB205,HOB205,WATCHES,WOMEN,WATCHES_WOMEN,,"Alloy Case ; Alloy Chain ; Plastic Chip ; swarovski Stone ; Rose Gold"
HOB206,HOB206,WATCHES,WOMEN,WATCHES_WOMEN,,"Brass Case ; Brass Chain ; Sqaure Shape ; Butterfly Lock ; Rose Gold"
HOB207,HOB207,WATCHES,WOMEN,WATCHES_WOMEN,,"Brass Case ; Brass Chain ; Sqaure Shape ; Butterfly Lock ; Rose Gold"
HOB208,HOB208,WATCHES,WOMEN,WATCHES_WOMEN,,"Brass Case ; Brass Chain ; Sqaure Shape ; Butterfly Lock ; Rose Gold"
HOB209,HOB209,WATCHES,WOMEN,WATCHES_WOMEN,,"Brass Case ; Brass Chain ; Sqaure Shape ; Butterfly Lock ; Rose Gold"
HOB210,HOB210,WATCHES,WOMEN,WATCHES_WOMEN,,"Brass Case ; Brass Chain ; Shaped Case ; Butterfly Lock ; Rose Gold"
HOB211,HOB211,WATCHES,WOMEN,WATCHES_WOMEN,,"Brass Case ; Brass Chain ; Shaped Case ; Butterfly Lock ; Rose Gold"
HOB212,HOB212,WATCHES,WOMEN,WATCHES_WOMEN,,"Brass Case ; Brass Chain ; Shaped Case ; Butterfly Lock ; Rose Gold"
HOB213,HOB213,WATCHES,WOMEN,WATCHES_WOMEN,,"Brass Case ; Brass Chain ; Shaped Case ; Butterfly Lock ; Rose Gold"
HOB214,HOB214,WATCHES,WOMEN,WATCHES_WOMEN,,"Brass Case ; Brass Chain ; Shaped Case ; Butterfly Lock ; Rose Gold"
HOB215,HOB215,WATCHES,WOMEN,WATCHES_WOMEN,,"Brass Case ; Brass Chain ; Shaped Case ; Butterfly Lock ; Rose Gold"
HOB216,HOB216,WATCHES,WOMEN,WATCHES_WOMEN,,"Brass Case ; Brass Chain ; Sqaure Shape ; Butterfly Lock ; Two Tone RG"
HOB217,HOB217,WATCHES,WOMEN,WATCHES_WOMEN,,"Brass Case ; Brass Chain ; Sqaure Shape ; Butterfly Lock ; Two Tone RG"
HOB218,HOB218,WATCHES,WOMEN,WATCHES_WOMEN,,"Brass Case ; Brass Chain ; Sqaure Shape ; Butterfly Lock ; Two Tone RG"
HOB219,HOB219,WATCHES,WOMEN,WATCHES_WOMEN,,"Brass Case ; Brass Chain ; Sqaure Shape ; Butterfly Lock ; Two Tone RG"
HOB220,HOB220,WATCHES,WOMEN,WATCHES_WOMEN,,"Brass Case ; Brass Chain ; Sqaure Shape ; Butterfly Lock ; Two Tone RG"
HOB221,HOB221,WATCHES,WOMEN,WATCHES_WOMEN,,"Brass Case ; Brass Chain ; Sqaure Shape ; Butterfly Lock ; Two Tone RG"
HOB222,HOB222,WATCHES,WOMEN,WATCHES_WOMEN,,"Brass Case ; Brass Chain ; Octagon Shape ; Butterfly Lock ; Rose Gold"
HOB223,HOB223,WATCHES,WOMEN,WATCHES_WOMEN,,"Brass Case ; Brass Chain ; Octagon Shape ; Butterfly Lock ; Rose Gold"
HOB224,HOB224,WATCHES,WOMEN,WATCHES_WOMEN,,"Brass Case ; Brass Chain ; Octagon Shape ; Butterfly Lock ; Rose Gold"
HOB225,HOB225,WATCHES,WOMEN,WATCHES_WOMEN,,"Brass Case ; Brass Chain ; Octagon Shape ; Butterfly Lock ; Rose Gold"
HOB226,HOB226,WATCHES,WOMEN,WATCHES_WOMEN,,"Brass Case ; Brass Chain ; Sqaure Shape ; Butterfly Lock ; Rose Gold"
HOB227,HOB227,WATCHES,WOMEN,WATCHES_WOMEN,,"Brass Case ; Brass Chain ; Sqaure Shape ; Butterfly Lock ; Rose Gold"
HOB228,HOB228,WATCHES,WOMEN,WATCHES_WOMEN,,"Brass Case ; Brass Chain ; Sqaure Shape ; Butterfly Lock ; Rose Gold"
HOB229,HOB229,WATCHES,WOMEN,WATCHES_WOMEN,,"Brass Case ; Brass Chain ; Sqaure Shape ; Butterfly Lock ; Rose Gold"
HOB230,HOB230,WATCHES,WOMEN,WATCHES_WOMEN,,"Brass Case ; Brass Chain ; Sqaure Shape ; Butterfly Lock ; Rose Gold"
HOB231,HOB231,WATCHES,WOMEN,WATCHES_WOMEN,,"Brass Case ; Brass Chain ; Sqaure Shape ; Butterfly Lock ; Rose Gold"
HOB232,HOB232,WATCHES,WOMEN,WATCHES_WOMEN,,"Brass Case ; Brass Chain ; Round shape ; Dummy Multi Dial ; Rose Gold"
HOB233,HOB233,WATCHES,WOMEN,WATCHES_WOMEN,,"Brass Case ; Brass Chain ; Round shape ; Dummy Multi Dial ; Rose Gold"
HOB234,HOB234,WATCHES,WOMEN,WATCHES_WOMEN,,"Brass Case ; Brass Chain ; Round shape ; Dummy Multi Dial ; Rose Gold"
HOB235,HOB235,WATCHES,WOMEN,WATCHES_WOMEN,,"Brass Case ; Brass Chain ; Round shape ; RG Designer Dial ; Rose Gold"
HOB236,HOB236,WATCHES,WOMEN,WATCHES_WOMEN,,"Brass Case ; Brass Chain ; Round shape ; RG Designer Dial ; Rose Gold"
HOB237,HOB237,WATCHES,WOMEN,WATCHES_WOMEN,,"Brass Case ; Shaffer Chain ; Stainlees Sttel ; Classic Dial ; Rose Gold"
HOB238,HOB238,WATCHES,WOMEN,WATCHES_WOMEN,,"Brass Case ; Shaffer Chain ; Stainlees Sttel ; Classic Dial ; Rose Gold"
HOB239,HOB239,WATCHES,WOMEN,WATCHES_WOMEN,,"Brass Case ; Shaffer Chain ; Stainlees Sttel ; Classic Dial ; Rose Gold"
HOB240,HOB240,WATCHES,WOMEN,WATCHES_WOMEN,,"Brass Case ; Shaffer Chain ; Stainlees Sttel ; Classic Dial ; Rose Gold"
HOB241,HOB241,WATCHES,WOMEN,WATCHES_WOMEN,,"Brass Case ; Brass Chain ; Hollow Chain ; Lobor Lock ; Rose Gold"
HOB242,HOB242,WATCHES,WOMEN,WATCHES_WOMEN,,"Brass Case ; Brass Chain ; Hollow Chain ; Lobor Lock ; Rose Gold"
HOB243,HOB243,WATCHES,WOMEN,WATCHES_WOMEN,,"Brass Case ; Brass Chain ; Hollow Chain ; Lobor Lock ; Rose Gold"
HOB244,HOB244,WATCHES,WOMEN,WATCHES_WOMEN,,"Brass Case ; Brass Chain ; Hollow Chain ; Lobor Lock ; Rose Gold"
HOB245,HOB245,WATCHES,WOMEN,WATCHES_WOMEN,,"Alloy Case ; SS Chain ; Shaffer Pattern ; IP Plating ; IPS"
HOB246,HOB246,WATCHES,WOMEN,WATCHES_WOMEN,,"Alloy Case ; SS Chain ; Shaffer Pattern ; IP Plating ; IPS"
HOB247,HOB247,WATCHES,WOMEN,WATCHES_WOMEN,,"Alloy Case ; SS Chain ; Shaffer Pattern ; IP Plating ; IPS"
HOB248,HOB248,WATCHES,WOMEN,WATCHES_WOMEN,,"Alloy Case ; SS Chain ; Shaffer Pattern ; IP Plating ; IPS"
HOB249,HOB249,WATCHES,WOMEN,WATCHES_WOMEN,,"Brass Case ; Brass Chain ; Round shape ; IP Plating ; Two Tone RG"
HOB250,HOB250,WATCHES,WOMEN,WATCHES_WOMEN,,"Brass Case ; Brass Chain ; Round shape ; IP Plating ; Two Tone RG"
HOB251,HOB251,WATCHES,WOMEN,WATCHES_WOMEN,,"Brass Case ; Brass Chain ; Round shape ; IP Plating ; Two Tone RG"
HOB252,HOB252,WATCHES,WOMEN,WATCHES_WOMEN,,"Brass Case ; Brass Chain ; Round shape ; IP Plating ; Two Tone RG"
HOB253,HOB253,WATCHES,WOMEN,WATCHES_WOMEN,,"Brass Case ; Brass Chain ; Designer Dial ; IP Plating ; Rose Gold"
HOB254,HOB254,WATCHES,WOMEN,WATCHES_WOMEN,,"Brass Case ; Brass Chain ; Designer Dial ; IP Plating ; Rose Gold"
HOB255,HOB255,WATCHES,WOMEN,WATCHES_WOMEN,,"Alloy Case ; SS Chain ; Shaffer Pattern ; IP Plating ; Black"
HOB256,HOB256,WATCHES,WOMEN,WATCHES_WOMEN,,"Alloy Case ; SS Chain ; Shaffer Pattern ; IP Plating ; Black"
HOB257,HOB257,WATCHES,WOMEN,WATCHES_WOMEN,,"Alloy Case ; SS Chain ; Shaffer Pattern ; IP Plating ; Black"
HOB258,HOB258,WATCHES,WOMEN,WATCHES_WOMEN,,"Alloy Case ; SS Chain ; Shaffer Pattern ; IP Plating ; Black"
HOB259,HOB259,WATCHES,WOMEN,WATCHES_WOMEN,,"Alloy Case ; SS Chain ; Shaffer Pattern ; IP Plating ; Black"
HOB260,HOB260,WATCHES,WOMEN,WATCHES_WOMEN,,"Alloy Case ; SS Chain ; Shaffer Pattern ; IP Plating ; Rose Gold"
HOB261,HOB261,WATCHES,WOMEN,WATCHES_WOMEN,,"Alloy Case ; SS Chain ; Shaffer Pattern ; IP Plating ; Rose Gold"
HOB262,HOB262,WATCHES,WOMEN,WATCHES_WOMEN,,"Alloy Case ; Leather Band ; Genuine Leather ; RG Buckle ; Rose Gold"
HOB263,HOB263,WATCHES,WOMEN,WATCHES_WOMEN,,"Alloy Case ; Leather Band ; Genuine Leather ; RG Buckle ; Rose Gold"
HOB264,HOB264,WATCHES,WOMEN,WATCHES_WOMEN,,"Alloy Case ; Leather Band ; Genuine Leather ; RG Buckle ; Rose Gold"
HOB265,HOB265,WATCHES,WOMEN,WATCHES_WOMEN,,"Alloy Case ; Leather Band ; Genuine Leather ; RG Buckle ; Rose Gold"
HOB266,HOB266,WATCHES,WOMEN,WATCHES_WOMEN,,"Alloy Case ; Leather Band ; Genuine Leather ; RG Buckle ; Rose Gold"
HOB267,HOB267,WATCHES,WOMEN,WATCHES_WOMEN,,"Alloy Case ; SS Chain ; Shaffer Pattern ; IP Plating ; Rose Gold"
HOB268,HOB268,WATCHES,WOMEN,WATCHES_WOMEN,,"Alloy Case ; SS Chain ; Shaffer Pattern ; IP Plating ; Rose Gold"
HOB269,HOB269,WATCHES,WOMEN,WATCHES_WOMEN,,"Alloy Case ; SS Chain ; Shaffer Pattern ; IP Plating ; Rose Gold"
HOB270,HOB270,WATCHES,WOMEN,WATCHES_WOMEN,,"Alloy Case ; SS Chain ; Shaffer Pattern ; IP Plating ; Rose Gold"
HOB271,HOB271,WATCHES,WOMEN,WATCHES_WOMEN,,"Alloy Case ; Leather Band ; Genuine Leather ; RG Buckle ; Rose Gold"
HOB272,HOB272,WATCHES,WOMEN,WATCHES_WOMEN,,"Alloy Case ; Leather Band ; Genuine Leather ; RG Buckle ; Rose Gold"
HOB273,HOB273,WATCHES,WOMEN,WATCHES_WOMEN,,"Alloy Case ; Leather Band ; Genuine Leather ; RG Buckle ; Rose Gold"
HOB274,HOB274,WATCHES,WOMEN,WATCHES_WOMEN,,"Alloy Case ; Leather Band ; Genuine Leather ; RG Buckle ; Rose Gold"
HOB275,HOB275,WATCHES,WOMEN,WATCHES_WOMEN,,"Alloy Case ; Leather Band ; Genuine Leather ; RG Buckle ; Rose Gold"
HOB276,HOB276,WATCHES,WOMEN,WATCHES_WOMEN,,"Alloy Case ; Leather Band ; Genuine Leather ; RG Buckle ; Rose Gold"
HOB277,HOB277,WATCHES,WOMEN,WATCHES_WOMEN,,"Alloy Case ; Leather Band ; Genuine Leather ; RG Buckle ; Rose Gold"
HOB278,HOB278,WATCHES,WOMEN,WATCHES_WOMEN,,"Alloy Case ; Leather Band ; Genuine Leather ; RG Buckle ; Rose Gold"
HOB279,HOB279,WATCHES,WOMEN,WATCHES_WOMEN,,"Alloy Case ; Leather Band ; Genuine Leather ; RG Buckle ; Rose Gold"
HOB280,HOB280,WATCHES,WOMEN,WATCHES_WOMEN,,"Alloy Case ; Leather Band ; Genuine Leather ; RG Buckle ; Rose Gold"
HOB281,HOB281,WATCHES,WOMEN,WATCHES_WOMEN,,"Brass Case ; SS Chain ; Shaffer Pattern ; IP Plating ; Rose Gold"
HOB282,HOB282,WATCHES,WOMEN,WATCHES_WOMEN,,"Brass Case ; SS Chain ; Shaffer Pattern ; IP Plating ; Rose Gold"
HOB283,HOB283,WATCHES,WOMEN,WATCHES_WOMEN,,"Brass Case ; SS Chain ; Shaffer Pattern ; IP Plating ; Rose Gold"
HOB284,HOB284,WATCHES,WOMEN,WATCHES_WOMEN,,"Brass Case ; SS Chain ; Shaffer Pattern ; IP Plating ; Rose Gold"
HOB285,HOB285,WATCHES,WOMEN,WATCHES_WOMEN,,"Brass Case ; Brass Chain ; Sqaure Shape ; Butterfly Lock ; Rose Gold"
HOB286,HOB286,WATCHES,WOMEN,WATCHES_WOMEN,,"Brass Case ; Brass Chain ; Sqaure Shape ; Butterfly Lock ; Rose Gold"
HOB287,HOB287,WATCHES,WOMEN,WATCHES_WOMEN,,"Brass Case ; Brass Chain ; Sqaure Shape ; Butterfly Lock ; Rose Gold"
HOB288,HOB288,WATCHES,WOMEN,WATCHES_WOMEN,,"Brass Case ; Brass Chain ; Sqaure Shape ; Butterfly Lock ; Rose Gold"
HOB289,HOB289,WATCHES,WOMEN,WATCHES_WOMEN,,"Brass Case ; Brass Chain ; Sqaure Shape ; Butterfly Lock ; Rose Gold"
HOB290,HOB290,WATCHES,WOMEN,WATCHES_WOMEN,,"Brass Case ; Brass Chain ; Sqaure Shape ; Butterfly Lock ; Rose Gold"
HOB291,HOB291,WATCHES,WOMEN,WATCHES_WOMEN,,"Brass Case ; Brass Chain ; Sqaure Shape ; Butterfly Lock ; Rose Gold"
HOB292,HOB292,WATCHES,WOMEN,WATCHES_WOMEN,,"Brass Case ; Brass Chain ; Designer Dial ; IP Plating ; Rose Gold"
HOB293,HOB293,WATCHES,WOMEN,WATCHES_WOMEN,,"Brass Case ; Brass Chain ; Designer Dial ; IP Plating ; Rose Gold"
HOB294,HOB294,WATCHES,WOMEN,WATCHES_WOMEN,,"Brass Case ; Brass Chain ; Designer Dial ; IP Plating ; Rose Gold"
HOB295,HOB295,WATCHES,WOMEN,WATCHES_WOMEN,,"Brass Case ; Brass Chain ; Designer Dial ; IP Plating ; Rose Gold"
HOB296,HOB296,WATCHES,WOMEN,WATCHES_WOMEN,,"Brass Case ; Brass Chain ; Designer Dial ; IP Plating ; Rose Gold"
HOB297,HOB297,WATCHES,WOMEN,WATCHES_WOMEN,,"Brass Case ; Brass Chain ; IP Plating ; Butterfly Lock ; Rose Gold"
HOB298,HOB298,WATCHES,WOMEN,WATCHES_WOMEN,,"Brass Case ; Brass Chain ; IP Plating ; Butterfly Lock ; Rose Gold"
HOB299,HOB299,WATCHES,WOMEN,WATCHES_WOMEN,,"Brass Case ; Brass Chain ; IP Plating ; Butterfly Lock ; Rose Gold"
HOB300,HOB300,WATCHES,WOMEN,WATCHES_WOMEN,,"Brass Case ; Brass Chain ; IP Plating ; Butterfly Lock ; Rose Gold"
HOB301,HOB301,WATCHES,WOMEN,WATCHES_WOMEN,,"Brass Case ; Brass Chain ; Designer Dial ; IP Plating ; Rose Gold"
HOB302,HOB302,WATCHES,WOMEN,WATCHES_WOMEN,,"Brass Case ; Brass Chain ; Designer Dial ; IP Plating ; Rose Gold"
HOB303,HOB303,WATCHES,WOMEN,WATCHES_WOMEN,,"Brass Case ; Brass Chain ; Designer Dial ; IP Plating ; Rose Gold"
HOB304,HOB304,WATCHES,WOMEN,WATCHES_WOMEN,,"Brass Case ; Brass Chain ; Designer Dial ; IP Plating ; Rose Gold"
HOB305,HOB305,WATCHES,WOMEN,WATCHES_WOMEN,,"Brass Case ; Brass Chain ; Octagon Shape ; Butterfly Lock ; Rose Gold"
HOB306,HOB306,WATCHES,WOMEN,WATCHES_WOMEN,,"Brass Case ; Brass Chain ; Octagon Shape ; Butterfly Lock ; Rose Gold"
HOB307,HOB307,WATCHES,WOMEN,WATCHES_WOMEN,,"Alloy Case ; SS Chain ; Shaffer Pattern ; IP Plating ; Rose Gold"
HOB308,HOB308,WATCHES,WOMEN,WATCHES_WOMEN,,"Alloy Case ; SS Chain ; Shaffer Pattern ; IP Plating ; Rose Gold"
HOB309,HOB309,WATCHES,WOMEN,WATCHES_WOMEN,,"Alloy Case ; SS Chain ; Shaffer Pattern ; IP Plating ; Rose Gold"
HOB310,HOB310,WATCHES,WOMEN,WATCHES_WOMEN,,"Alloy Case ; SS Chain ; Shaffer Pattern ; IP Plating ; Black"
HOB311,HOB311,WATCHES,WOMEN,WATCHES_WOMEN,,"Alloy Case ; SS Chain ; Shaffer Pattern ; IP Plating ; Black"
HOB312,HOB312,WATCHES,WOMEN,WATCHES_WOMEN,,"Alloy Case ; SS Chain ; Round shape ; IP Plating ; IPS"
HOB313,HOB313,WATCHES,WOMEN,WATCHES_WOMEN,,"Alloy Case ; SS Chain ; Round shape ; IP Plating ; IPS"
HOB314,HOB314,WATCHES,WOMEN,WATCHES_WOMEN,,"Alloy Case ; SS Chain ; Shaffer Pattern ; IP Plating ; IPS"
HOB315,HOB315,WATCHES,WOMEN,WATCHES_WOMEN,,"Alloy Case ; SS Chain ; Shaffer Pattern ; IP Plating ; IPS"
HOB316,HOB316,WATCHES,WOMEN,WATCHES_WOMEN,,"Alloy Case ; SS Chain ; Shaffer Pattern ; IP Plating ; Rose Gold"
HOB317,HOB317,WATCHES,WOMEN,WATCHES_WOMEN,,"Alloy Case ; SS Chain ; Shaffer Pattern ; IP Plating ; Rose Gold"
HOB318,HOB318,WATCHES,WOMEN,WATCHES_WOMEN,,"Alloy Case ; SS Chain ; Shaffer Pattern ; IP Plating ; Rose Gold"
HOB319,HOB319,WATCHES,WOMEN,WATCHES_WOMEN,,"Alloy Case ; Alloy Chain ; Round shape ; Lobor Lock ; Rose Gold"
HOB320,HOB320,WATCHES,WOMEN,WATCHES_WOMEN,,"Alloy Case ; Alloy Chain ; Round shape ; Lobor Lock ; Rose Gold"
HOB321,HOB321,WATCHES,WOMEN,WATCHES_WOMEN,,"Alloy Case ; Alloy Chain ; Round shape ; Lobor Lock ; Rose Gold"
HOB322,HOB322,WATCHES,WOMEN,WATCHES_WOMEN,,"Alloy Case ; Alloy Chain ; Round shape ; Lobor Lock ; Rose Gold"
HOB323,HOB323,WATCHES,WOMEN,WATCHES_WOMEN,,"Alloy Case ; Brass Chain ; Round shape ; Lobor Lock ; IPS"
HOB324,HOB324,WATCHES,WOMEN,WATCHES_WOMEN,,"Alloy Case ; Brass Chain ; Round shape ; Lobor Lock ; IPS"
HOB325,HOB325,WATCHES,WOMEN,WATCHES_WOMEN,,"Alloy Case ; Alloy Chain ; Round shape ; Lobor Lock ; Rose Gold"
HOB326,HOB326,WATCHES,WOMEN,WATCHES_WOMEN,,"Alloy Case ; Alloy Chain ; Round shape ; Lobor Lock ; Rose Gold"
HOB327,HOB327,WATCHES,WOMEN,WATCHES_WOMEN,,"Alloy Case ; Alloy Chain ; Round shape ; Lobor Lock ; Rose Gold"
HOB328,HOB328,WATCHES,WOMEN,WATCHES_WOMEN,,"Alloy Case ; Alloy Chain ; Round shape ; Lobor Lock ; Rose Gold"
HOB329,HOB329,WATCHES,WOMEN,WATCHES_WOMEN,,"Alloy Case ; Alloy Chain ; Round shape ; Lobor Lock ; Rose Gold"
HOB330,HOB330,WATCHES,WOMEN,WATCHES_WOMEN,,"Alloy Case ; Alloy Chain ; Round shape ; Lobor Lock ; Rose Gold"
HOB331,HOB331,WATCHES,WOMEN,WATCHES_WOMEN,,"Alloy Case ; Alloy Chain ; Round shape ; Lobor Lock ; Rose Gold"
HOB332,HOB332,WATCHES,WOMEN,WATCHES_WOMEN,,"Alloy Case ; Alloy Chain ; Round shape ; Lobor Lock ; Rose Gold"
HOB333,HOB333,WATCHES,WOMEN,WATCHES_WOMEN,,"Alloy Case ; Alloy Chain ; Round shape ; Lobor Lock ; Rose Gold"
HOB334,HOB334,WATCHES,WOMEN,WATCHES_WOMEN,,"Alloy Case ; Alloy Chain ; Round shape ; Lobor Lock ; Rose Gold"
HOB335,HOB335,WATCHES,WOMEN,WATCHES_WOMEN,,"Alloy Case ; Alloy Chain ; Round shape ; Lobor Lock ; Rose Gold"
HOB336,HOB336,WATCHES,WOMEN,WATCHES_WOMEN,,"Alloy Case ; Alloy Chain ; Round shape ; Lobor Lock ; Rose Gold"
HOB337,HOB337,WATCHES,WOMEN,WATCHES_WOMEN,,"Alloy Case ; Alloy Chain ; Round shape ; Lobor Lock ; Rose Gold"
HOB338,HOB338,WATCHES,WOMEN,WATCHES_WOMEN,,"Alloy Case ; Alloy Chain ; Round shape ; Lobor Lock ; Rose Gold"
HOB339,HOB339,WATCHES,WOMEN,WATCHES_WOMEN,,"Alloy Case ; Alloy Chain ; Round shape ; Lobor Lock ; Rose Gold"
HOB340,HOB340,WATCHES,WOMEN,WATCHES_WOMEN,,"Alloy Case ; Alloy Chain ; Round shape ; Lobor Lock ; Rose Gold"
HOB341,HOB341,WATCHES,WOMEN,WATCHES_WOMEN,,"Alloy Case ; Alloy Chain ; Round shape ; Lobor Lock ; Rose Gold"
HOB342,HOB342,WATCHES,WOMEN,WATCHES_WOMEN,,"Alloy Case ; Alloy Chain ; Round shape ; Lobor Lock ; Rose Gold"
HOB343,HOB343,WATCHES,WOMEN,WATCHES_WOMEN,,"Alloy Case ; Alloy Chain ; Round shape ; Lobor Lock ; Rose Gold"
HOB344,HOB344,WATCHES,WOMEN,WATCHES_WOMEN,,"Brass Case ; Brass Chain ; Designer Dial ; IP Plating ; Rose Gold"
HOB345,HOB345,WATCHES,WOMEN,WATCHES_WOMEN,,"Brass Case ; Brass Chain ; Designer Dial ; IP Plating ; Rose Gold"
HOB346,HOB346,WATCHES,WOMEN,WATCHES_WOMEN,,"Brass Case ; Brass Chain ; Designer Dial ; IP Plating ; Rose Gold"
HOB347,HOB347,WATCHES,WOMEN,WATCHES_WOMEN,,"Brass Case ; Brass Chain ; Designer Dial ; IP Plating ; Rose Gold"
HOB348,HOB348,WATCHES,WOMEN,WATCHES_WOMEN,,"Brass Case ; SS Chain ; Shaffer Pattern ; IP Plating ; Rose Gold"
HOB349,HOB349,WATCHES,WOMEN,WATCHES_WOMEN,,"Alloy Case ; SS Chain ; Shaffer Pattern ; IP Plating ; IPS"
HOB350,HOB350,WATCHES,WOMEN,WATCHES_WOMEN,,"Alloy Case ; Alloy Chain ; Dial Rose Gold ; IP Plating ; Black"
HOB351,HOB351,WATCHES,WOMEN,WATCHES_WOMEN,,"Alloy Case ; Alloy Chain ; Dial Rose Gold ; IP Plating ; Black"
HOB352,HOB352,WATCHES,WOMEN,WATCHES_WOMEN,,"Alloy Case ; Alloy Chain ; Dial Rose Gold ; IP Plating ; Black"
HOB353,HOB353,WATCHES,WOMEN,WATCHES_WOMEN,,"Alloy Case ; Alloy Chain ; Dial Rose Gold ; IP Plating ; Coffee"
HOB354,HOB354,WATCHES,WOMEN,WATCHES_WOMEN,,"Alloy Case ; Alloy Chain ; Dial Rose Gold ; IP Plating ; Coffee"
HOB355,HOB355,WATCHES,WOMEN,WATCHES_WOMEN,,"Alloy Case ; Alloy Chain ; Dial Rose Gold ; IP Plating ; Coffee"
HOB356,HOB356,WATCHES,WOMEN,WATCHES_WOMEN,,"Brass Case ; SS Chain ; Shaffer Pattern ; IP Plating ; Two Tone RG"
HOB357,HOB357,WATCHES,WOMEN,WATCHES_WOMEN,,"Brass Case ; SS Chain ; Shaffer Pattern ; IP Plating ; Two Tone RG"
HOB358,HOB358,WATCHES,WOMEN,WATCHES_WOMEN,,"Brass Case ; SS Chain ; Shaffer Pattern ; IP Plating ; Rose Gold"
HOB359,HOB359,WATCHES,WOMEN,WATCHES_WOMEN,,"Brass Case ; SS Chain ; Shaffer Pattern ; IP Plating ; Rose Gold"
HOB360,HOB360,WATCHES,WOMEN,WATCHES_WOMEN,,"Brass Case ; SS Chain ; Shaffer Pattern ; IP Plating ; Rose Gold"
HOB361,HOB361,WATCHES,WOMEN,WATCHES_WOMEN,,"Alloy Case ; Alloy Chain ; Designer Dial ; IP Plating ; Rose Gold"
HOB362,HOB362,WATCHES,WOMEN,WATCHES_WOMEN,,"Alloy Case ; Alloy Chain ; Designer Dial ; IP Plating ; Rose Gold"
HOB363,HOB363,WATCHES,WOMEN,WATCHES_WOMEN,,"Alloy Case ; Alloy Chain ; Designer Dial ; IP Plating ; Rose Gold"
HOB364,HOB364,WATCHES,WOMEN,WATCHES_WOMEN,,"Alloy Case ; Alloy Chain ; Designer Dial ; IP Plating ; Rose Gold"
HOB365,HOB365,WATCHES,WOMEN,WATCHES_WOMEN,,"Alloy Case ; Alloy Chain ; Designer Dial ; IP Plating ; Rose Gold"
HOB366,HOB366,WATCHES,WOMEN,WATCHES_WOMEN,,"Alloy Case ; Leather Band ; Genuine Leather ; IP Plating ; Rose Gold"
HOB367,HOB367,WATCHES,WOMEN,WATCHES_WOMEN,,"Alloy Case ; Leather Band ; Genuine Leather ; IP Plating ; Rose Gold"
HOB368,HOB368,WATCHES,WOMEN,WATCHES_WOMEN,,"Alloy Case ; Leather Band ; Genuine Leather ; IP Plating ; Rose Gold"
HOB369,HOB369,WATCHES,WOMEN,WATCHES_WOMEN,,"Alloy Case ; Leather Band ; Genuine Leather ; IP Plating ; Rose Gold"
HOB370,HOB370,WATCHES,WOMEN,WATCHES_WOMEN,,"Alloy Case ; Alloy Chain ; Designer Dial ; IP Plating ; Rose Gold"
HOB371,HOB371,WATCHES,WOMEN,WATCHES_WOMEN,,"Alloy Case ; Alloy Chain ; Designer Dial ; IP Plating ; Rose Gold"
HOB372,HOB372,WATCHES,WOMEN,WATCHES_WOMEN,,"Alloy Case ; Alloy Chain ; Designer Dial ; IP Plating ; Rose Gold"
HOB373,HOB373,WATCHES,WOMEN,WATCHES_WOMEN,,"Alloy Case ; Alloy Chain ; Designer Dial ; IP Plating ; Rose Gold"
HOB374,HOB374,WATCHES,WOMEN,WATCHES_WOMEN,,"Alloy Case ; Alloy Chain ; Designer Dial ; IP Plating ; Rose Gold"
HOB375,HOB375,WATCHES,WOMEN,WATCHES_WOMEN,,"Alloy Case ; Alloy Chain ; Designer Dial ; IP Plating ; Rose Gold"
HOB376,HOB376,WATCHES,WOMEN,WATCHES_WOMEN,,"Alloy Case ; Alloy Chain ; Designer Dial ; IP Plating ; Rose Gold"
HOB377,HOB377,WATCHES,WOMEN,WATCHES_WOMEN,,"Alloy Case ; Alloy Chain ; Designer Dial ; IP Plating ; Rose Gold"
HOB378,HOB378,WATCHES,WOMEN,WATCHES_WOMEN,,"Alloy Case ; Alloy Chain ; Designer Dial ; IP Plating ; Rose Gold"
HOB379,HOB379,WATCHES,WOMEN,WATCHES_WOMEN,,"Alloy Case ; Alloy Chain ; Designer Dial ; IP Plating ; Rose Gold"
HOB380,HOB380,WATCHES,WOMEN,WATCHES_WOMEN,,"Alloy Case ; Alloy Chain ; Designer Dial ; IP Plating ; Rose Gold"
HOB381,HOB381,WATCHES,WOMEN,WATCHES_WOMEN,,"Alloy Case ; Alloy Chain ; Designer Dial ; IP Plating ; Rose Gold"
HOB382,HOB382,WATCHES,WOMEN,WATCHES_WOMEN,,"Alloy Case ; Alloy Chain ; Designer Dial ; IP Plating ; Rose Gold"
HOB383,HOB383,WATCHES,WOMEN,WATCHES_WOMEN,,"Alloy Case ; Alloy Chain ; Designer Dial ; IP Plating ; Rose Gold"
HOB384,HOB384,WATCHES,WOMEN,WATCHES_WOMEN,,"Alloy Case ; Alloy Chain ; Designer Dial ; IP Plating ; Rose Gold"
HOB385,HOB385,WATCHES,WOMEN,WATCHES_WOMEN,,"Alloy Case ; Alloy Chain ; Designer Dial ; IP Plating ; Rose Gold"
HOB386,HOB386,WATCHES,WOMEN,WATCHES_WOMEN,,"Alloy Case ; Alloy Chain ; Designer Dial ; IP Plating ; Rose Gold"
HOB387,HOB387,WATCHES,WOMEN,WATCHES_WOMEN,,"Alloy Case ; Alloy Chain ; Designer Dial ; IP Plating ; Rose Gold"
HOB388,HOB388,WATCHES,WOMEN,WATCHES_WOMEN,,"Alloy Case ; Alloy Chain ; Designer Dial ; IP Plating ; Rose Gold"
HOB389,HOB389,WATCHES,WOMEN,WATCHES_WOMEN,,"Alloy Case ; Alloy Chain ; Designer Dial ; IP Plating ; Rose Gold"
HOB390,HOB390,WATCHES,WOMEN,WATCHES_WOMEN,,"Alloy Case ; Alloy Chain ; Designer Dial ; IP Plating ; Rose Gold"
HOB391,HOB391,WATCHES,WOMEN,WATCHES_WOMEN,,"Alloy Case ; Alloy Chain ; Designer Dial ; IP Plating ; Rose Gold"
HOB392,HOB392,WATCHES,WOMEN,WATCHES_WOMEN,,"Alloy Case ; Alloy Chain ; Designer Dial ; IP Plating ; Rose Gold"
HOB393,HOB393,WATCHES,WOMEN,WATCHES_WOMEN,,"Alloy Case ; Alloy Chain ; Designer Dial ; IP Plating ; Rose Gold"
HOB394,HOB394,WATCHES,WOMEN,WATCHES_WOMEN,,"Alloy Case ; Alloy Chain ; Designer Dial ; IP Plating ; Rose Gold"
HOB395,HOB395,WATCHES,WOMEN,WATCHES_WOMEN,,"Alloy Case ; Alloy Chain ; Designer Dial ; IP Plating ; Rose Gold"
HOB396,HOB396,WATCHES,WOMEN,WATCHES_WOMEN,,"Alloy Case ; Alloy Chain ; Designer Dial ; IP Plating ; Rose Gold"
HOB397,HOB397,WATCHES,WOMEN,WATCHES_WOMEN,,"Alloy Case ; Alloy Chain ; Designer Dial ; IP Plating ; Rose Gold"
HOB398,HOB398,WATCHES,WOMEN,WATCHES_WOMEN,,"Alloy Case ; Alloy Chain ; Designer Dial ; IP Plating ; Rose Gold"
HOB399,HOB399,WATCHES,WOMEN,WATCHES_WOMEN,,"Alloy Case ; Alloy Chain ; Designer Dial ; IP Plating ; Rose Gold"
HOB400,HOB400,WATCHES,WOMEN,WATCHES_WOMEN,,"Alloy Case ; Alloy Chain ; Designer Dial ; IP Plating ; Rose Gold"
HOB401,HOB401,WATCHES,WOMEN,WATCHES_WOMEN,,"Alloy Case ; Alloy Chain ; Designer Dial ; IP Plating ; Rose Gold"
HOB402,HOB402,WATCHES,WOMEN,WATCHES_WOMEN,,"Alloy Case ; Alloy Chain ; Designer Dial ; IP Plating ; Rose Gold"
HOB403,HOB403,WATCHES,WOMEN,WATCHES_WOMEN,,"Alloy Case ; Alloy Chain ; Designer Dial ; IP Plating ; Rose Gold"
HOB404,HOB404,WATCHES,WOMEN,WATCHES_WOMEN,,"Alloy Case ; Alloy Chain ; Designer Dial ; IP Plating ; Rose Gold"
HOB405,HOB405,WATCHES,WOMEN,WATCHES_WOMEN,,"Alloy Case ; Alloy Chain ; Designer Dial ; IP Plating ; Rose Gold"
HOB406,HOB406,WATCHES,WOMEN,WATCHES_WOMEN,,"Alloy Case ; Alloy Chain ; Designer Dial ; IP Plating ; Rose Gold"
HOB407,HOB407,WATCHES,WOMEN,WATCHES_WOMEN,,"Alloy Case ; Alloy Chain ; Designer Dial ; IP Plating ; Rose Gold"
HOB408,HOB408,WATCHES,WOMEN,WATCHES_WOMEN,,"Alloy Case ; Alloy Chain ; Designer Dial ; IP Plating ; Rose Gold"
HOB409,HOB409,WATCHES,WOMEN,WATCHES_WOMEN,,"Alloy Case ; Alloy Chain ; Designer Dial ; IP Plating ; Rose Gold"
HOB410,HOB410,WATCHES,WOMEN,WATCHES_WOMEN,,"Alloy Case ; Alloy Chain ; Designer Dial ; IP Plating ; Rose Gold"
HOB411,HOB411,WATCHES,WOMEN,WATCHES_WOMEN,,"Alloy Case ; Alloy Chain ; Designer Dial ; IP Plating ; Rose Gold"
HOB412,HOB412,WATCHES,WOMEN,WATCHES_WOMEN,,"Alloy Case ; Alloy Chain ; Designer Dial ; IP Plating ; Rose Gold"
HOB413,HOB413,WATCHES,WOMEN,WATCHES_WOMEN,,"Alloy Case ; Alloy Chain ; Designer Dial ; IP Plating ; Rose Gold"
HOB414,HOB414,WATCHES,WOMEN,WATCHES_WOMEN,,"Alloy Case ; Alloy Chain ; Designer Dial ; IP Plating ; Rose Gold"
HOB415,HOB415,WATCHES,WOMEN,WATCHES_WOMEN,,"Alloy Case ; SS Chain ; Shaffer Pattern ; IP Plating ; Rose Gold"
HOB416,HOB416,WATCHES,WOMEN,WATCHES_WOMEN,,"Alloy Case ; SS Chain ; Shaffer Pattern ; IP Plating ; Rose Gold"
HOB417,HOB417,WATCHES,WOMEN,WATCHES_WOMEN,,"Alloy Case ; SS Chain ; Shaffer Pattern ; IP Plating ; Rose Gold"
HOB418,HOB418,WATCHES,WOMEN,WATCHES_WOMEN,,"Alloy Case ; SS Chain ; Shaffer Pattern ; IP Plating ; Rose Gold"
HOB419,HOB419,WATCHES,WOMEN,WATCHES_WOMEN,,"Alloy Case ; SS Chain ; Shaffer Pattern ; IP Plating ; Rose Gold"
HOB420,HOB420,WATCHES,WOMEN,WATCHES_WOMEN,,"Brass Case ; Brass Chain ; Round shape ; IP Plating ; IPS"
HOB421,HOB421,WATCHES,WOMEN,WATCHES_WOMEN,,"Brass Case ; Brass Chain ; Round shape ; IP Plating ; IPS"
HOB422,HOB422,WATCHES,WOMEN,WATCHES_WOMEN,,"Brass Case ; Brass Chain ; Round shape ; IP Plating ; IPS"
HOB423,HOB423,WATCHES,WOMEN,WATCHES_WOMEN,,"Brass Case ; Brass Chain ; Round shape ; IP Plating ; IPS"
HOB424,HOB424,WATCHES,WOMEN,WATCHES_WOMEN,,"Alloy Case ; Alloy Chain ; Designer Dial ; IP Plating ; Rose Gold"
HOB425,HOB425,WATCHES,WOMEN,WATCHES_WOMEN,,"Brass Case ; Brass Chain ; Designer Dial ; IP Plating ; IPS"
HOB426,HOB426,WATCHES,WOMEN,WATCHES_WOMEN,,"Brass Case ; Brass Chain ; Designer Dial ; IP Plating ; IPS"
HOB427,HOB427,WATCHES,WOMEN,WATCHES_WOMEN,,"Brass Case ; Brass Chain ; Designer Dial ; IP Plating ; IPS"
HOB428,HOB428,WATCHES,WOMEN,WATCHES_WOMEN,,"Brass Case ; Brass Chain ; Designer Dial ; IP Plating ; IPS"
HOB429,HOB429,WATCHES,WOMEN,WATCHES_WOMEN,,"Alloy Case ; Alloy Chain ; Designer Dial ; IP Plating ; Rose Gold"
HOB430,HOB430,WATCHES,WOMEN,WATCHES_WOMEN,,"Alloy Case ; Alloy Chain ; Designer Dial ; IP Plating ; gold"
HOB431,HOB431,WATCHES,WOMEN,WATCHES_WOMEN,,"Alloy Case ; Alloy Chain ; Round shape ; IP Plating ; IPS"
HOB432,HOB432,WATCHES,WOMEN,WATCHES_WOMEN,,"Alloy Case ; Alloy Chain ; Designer Dial ; IP Plating ; Rose Gold"
HOB433,HOB433,WATCHES,WOMEN,WATCHES_WOMEN,,"Brass Case ; Brass Chain ; Round shape ; IP Plating ; Black"
HOB434,HOB434,WATCHES,WOMEN,WATCHES_WOMEN,,"Brass Case ; Brass Chain ; Round shape ; IP Plating ; Rose Gold"
HOB435,HOB435,WATCHES,WOMEN,WATCHES_WOMEN,,"Brass Case ; Brass Chain ; Round shape ; IP Plating ; Rose Gold"
HOB436,HOB436,WATCHES,WOMEN,WATCHES_WOMEN,,"Alloy Case ; Alloy Chain ; Designer Dial ; IP Plating ; Rose Gold"
HOB437,HOB437,WATCHES,WOMEN,WATCHES_WOMEN,,"Alloy Case ; Alloy Chain ; Designer Dial ; IP Plating ; Rose Gold"
HOB438,HOB438,WATCHES,WOMEN,WATCHES_WOMEN,,"Alloy Case ; Alloy Chain ; Designer Dial ; IP Plating ; Rose Gold"
HOB439,HOB439,WATCHES,WOMEN,WATCHES_WOMEN,,"Alloy Case ; Alloy Chain ; Designer Dial ; IP Plating ; Rose Gold"
HOB440,HOB440,WATCHES,WOMEN,WATCHES_WOMEN,,"Alloy Case ; Alloy Chain ; Designer Dial ; IP Plating ; Rose Gold"
HOB441,HOB441,WATCHES,WOMEN,WATCHES_WOMEN,,"Alloy Case ; Alloy Chain ; Designer Dial ; IP Plating ; Rose Gold"
HOB442,HOB442,WATCHES,WOMEN,WATCHES_WOMEN,,"Alloy Case ; Alloy Chain ; Designer Dial ; IP Plating ; Rose Gold"
HOB443,HOB443,WATCHES,WOMEN,WATCHES_WOMEN,,"Alloy Case ; Alloy Chain ; Designer Dial ; IP Plating ; Rose Gold"
HOB444,HOB444,WATCHES,WOMEN,WATCHES_WOMEN,,"Alloy Case ; Alloy Chain ; Designer Dial ; IP Plating ; Rose Gold"
HOB445,HOB445,WATCHES,WOMEN,WATCHES_WOMEN,,"Alloy Case ; Alloy Chain ; Designer Dial ; IP Plating ; Rose Gold"
HOB446,HOB446,WATCHES,WOMEN,WATCHES_WOMEN,,"Alloy Case ; Alloy Chain ; Designer Dial ; IP Plating ; Rose Gold"
HOB447,HOB447,WATCHES,WOMEN,WATCHES_WOMEN,,"Alloy Case ; Alloy Chain ; Designer Dial ; IP Plating ; Rose Gold"
HOB448,HOB448,WATCHES,WOMEN,WATCHES_WOMEN,,"Alloy Case ; Alloy Chain ; Designer Dial ; IP Plating ; Rose Gold"
HOB449,HOB449,WATCHES,WOMEN,WATCHES_WOMEN,,"Alloy Case ; Alloy Chain ; Designer Dial ; IP Plating ; Rose Gold"
HOB450,HOB450,WATCHES,WOMEN,WATCHES_WOMEN,,"Alloy Case ; Alloy Chain ; Designer Dial ; IP Plating ; IPS"
HOB451,HOB451,WATCHES,WOMEN,WATCHES_WOMEN,,"Alloy Case ; Alloy Chain ; Designer Dial ; IP Plating ; Rose Gold"
HOB452,HOB452,WATCHES,WOMEN,WATCHES_WOMEN,,"Alloy Case ; Alloy Chain ; Designer Dial ; IP Plating ; Rose Gold"
HOB453,HOB453,WATCHES,WOMEN,WATCHES_WOMEN,,"Alloy Case ; Alloy Chain ; Designer Dial ; IP Plating ; Rose Gold"
HOB454,HOB454,WATCHES,WOMEN,WATCHES_WOMEN,,"Alloy Case ; Alloy Chain ; Designer Dial ; IP Plating ; Rose Gold"
HOB455,HOB455,WATCHES,WOMEN,WATCHES_WOMEN,,"Alloy Case ; Alloy Chain ; Designer Dial ; IP Plating ; Rose Gold"
HOB456,HOB456,WATCHES,WOMEN,WATCHES_WOMEN,,"Alloy Case ; Alloy Chain ; Designer Dial ; IP Plating ; Rose Gold"
HOB457,HOB457,WATCHES,WOMEN,WATCHES_WOMEN,,"Alloy Case ; SS Chain ; Round shape ; Butterfly Lock ; Rose Gold"
HOB458,HOB458,WATCHES,WOMEN,WATCHES_WOMEN,,"Alloy Case ; SS Chain ; Round shape ; Butterfly Lock ; Rose Gold"
HOB459,HOB459,WATCHES,WOMEN,WATCHES_WOMEN,,"Alloy Case ; SS Chain ; Round shape ; Butterfly Lock ; Rose Gold"
HOB460,HOB460,WATCHES,WOMEN,WATCHES_WOMEN,,"Alloy Case ; SS Chain ; Round shape ; Butterfly Lock ; Rose Gold"
HOB461,HOB461,WATCHES,WOMEN,WATCHES_WOMEN,,"Alloy Case ; SS Chain ; Shaffer Pattern ; IP Plating ; Rose Gold"
HOB462,HOB462,WATCHES,WOMEN,WATCHES_WOMEN,,"Alloy Case ; SS Chain ; Shaffer Pattern ; IP Plating ; Rose Gold"
HOB463,HOB463,WATCHES,WOMEN,WATCHES_WOMEN,,"Alloy Case ; SS Chain ; Shaffer Pattern ; IP Plating ; Rose Gold"
HOB464,HOB464,WATCHES,WOMEN,WATCHES_WOMEN,,"Alloy Case ; SS Chain ; Shaffer Pattern ; IP Plating ; Rose Gold"
HOB465,HOB465,WATCHES,WOMEN,WATCHES_WOMEN,,"Alloy Case ; SS Chain ; Shaffer Pattern ; IP Plating ; Rose Gold"
HOB466,HOB466,WATCHES,WOMEN,WATCHES_WOMEN,,"Alloy Case ; SS Chain ; Shaffer Pattern ; IP Plating ; Rose Gold"
HOB467,HOB467,WATCHES,WOMEN,WATCHES_WOMEN,,"Alloy Case ; SS Chain ; Shaffer Pattern ; IP Plating ; Rose Gold"
HOB468,HOB468,WATCHES,WOMEN,WATCHES_WOMEN,,"Alloy Case ; SS Chain ; Shaffer Pattern ; IP Plating ; Rose Gold"
HOB469,HOB469,WATCHES,WOMEN,WATCHES_WOMEN,,"Alloy Case ; SS Chain ; Shaffer Pattern ; IP Plating ; Rose Gold"
HOB470,HOB470,WATCHES,WOMEN,WATCHES_WOMEN,,"Alloy Case ; SS Chain ; Shaffer Pattern ; IP Plating ; Rose Gold"
HOB471,HOB471,WATCHES,WOMEN,WATCHES_WOMEN,,"Brass Case ; Brass Chain ; Round shape ; IP Plating ; Rose Gold"
HOB472,HOB472,WATCHES,WOMEN,WATCHES_WOMEN,,"Alloy Case ; Alloy Chain ; Designer Dial ; IP Plating ; Rose Gold"
HOB473,HOB473,WATCHES,WOMEN,WATCHES_WOMEN,,"Alloy Case ; Alloy Chain ; Designer Dial ; IP Plating ; Rose Gold"
HOB474,HOB474,WATCHES,WOMEN,WATCHES_WOMEN,,"Alloy Case ; Alloy Chain ; Designer Dial ; IP Plating ; Rose Gold"
HOB475,HOB475,WATCHES,WOMEN,WATCHES_WOMEN,,"Alloy Case ; Alloy Chain ; Designer Dial ; IP Plating ; Rose Gold"
HOB476,HOB476,WATCHES,WOMEN,WATCHES_WOMEN,,"Brass Case ; Brass Chain ; Designer Dial ; IP Plating ; IPS"
HOB477,HOB477,WATCHES,WOMEN,WATCHES_WOMEN,,"Brass Case ; Brass Chain ; Designer Dial ; IP Plating ; IPS"
HOB478,HOB478,WATCHES,WOMEN,WATCHES_WOMEN,,"Brass Case ; Brass Chain ; Designer Dial ; IP Plating ; IPS"
HOB479,HOB479,WATCHES,WOMEN,WATCHES_WOMEN,,"Brass Case ; Brass Chain ; Designer Dial ; IP Plating ; IPS"
HOB480,HOB480,WATCHES,WOMEN,WATCHES_WOMEN,,"Brass Case ; Brass Chain ; Designer Dial ; IP Plating ; IPS"
HOB481,HOB481,WATCHES,WOMEN,WATCHES_WOMEN,,"Brass Case ; Brass Chain ; Designer Dial ; IP Plating ; IPS"
HOB482,HOB482,WATCHES,WOMEN,WATCHES_WOMEN,,"Brass Case ; Brass Chain ; Designer Dial ; IP Plating ; IPS"
HOB483,HOB483,WATCHES,WOMEN,WATCHES_WOMEN,,"Brass Case ; Brass Chain ; Designer Dial ; IP Plating ; IPS"
HOB484,HOB484,WATCHES,WOMEN,WATCHES_WOMEN,,"Brass Case ; Brass Chain ; Designer Dial ; IP Plating ; IPS"
HOB485,HOB485,WATCHES,WOMEN,WATCHES_WOMEN,,"Alloy Case ; Leather Band ; Genuine Leather ; IP Plating ; Rose Gold"
HOB486,HOB486,WATCHES,WOMEN,WATCHES_WOMEN,,"Alloy Case ; Leather Band ; Genuine Leather ; IP Plating ; Rose Gold"
HOB487,HOB487,WATCHES,WOMEN,WATCHES_WOMEN,,"Alloy Case ; Leather Band ; Genuine Leather ; IP Plating ; Rose Gold"
HOB488,HOB488,WATCHES,WOMEN,WATCHES_WOMEN,,"Alloy Case ; Leather Band ; Genuine Leather ; IP Plating ; Rose Gold"
HOB489,HOB489,WATCHES,WOMEN,WATCHES_WOMEN,,"Alloy Case ; Leather Band ; Genuine Leather ; IP Plating ; Rose Gold"
HOB490,HOB490,WATCHES,WOMEN,WATCHES_WOMEN,,"Alloy Case ; Leather Band ; Genuine Leather ; IP Plating ; Rose Gold"
HOB491,HOB491,WATCHES,WOMEN,WATCHES_WOMEN,,"Alloy Case ; Leather Band ; Genuine Leather ; IP Plating ; Rose Gold"
HOB492,HOB492,WATCHES,WOMEN,WATCHES_WOMEN,,"Brass Case ; SS Chain ; Shaffer Pattern ; IP Plating ; IPS"
HOB493,HOB493,WATCHES,WOMEN,WATCHES_WOMEN,,"Brass Case ; SS Chain ; Shaffer Pattern ; IP Plating ; IPS"
HOB494,HOB494,WATCHES,WOMEN,WATCHES_WOMEN,,"Brass Case ; SS Chain ; Shaffer Pattern ; IP Plating ; IPS"
HOB495,HOB495,WATCHES,WOMEN,WATCHES_WOMEN,,"Brass Case ; SS Chain ; Shaffer Pattern ; IP Plating ; Gold"
HOB496,HOB496,WATCHES,WOMEN,WATCHES_WOMEN,,"Brass Case ; SS Chain ; Shaffer Pattern ; IP Plating ; Gold"
HOB497,HOB497,WATCHES,WOMEN,WATCHES_WOMEN,,"Brass Case ; SS Chain ; Shaffer Pattern ; IP Plating ; Gold"
HOB498,HOB498,WATCHES,WOMEN,WATCHES_WOMEN,,"Brass Case ; SS Chain ; Shaffer Pattern ; IP Plating ; Two Tone"
HOB499,HOB499,WATCHES,WOMEN,WATCHES_WOMEN,,"Brass Case ; SS Chain ; Shaffer Pattern ; IP Plating ; Two Tone"
HOB500,HOB500,WATCHES,WOMEN,WATCHES_WOMEN,,"Brass Case ; SS Chain ; Shaffer Pattern ; IP Plating ; Rose Gold"
W-HOB501,HOB501,WATCHES,WOMEN,WATCHES_WOMEN,,"Brass Case ; SS Chain ; Shaffer Pattern ; IP Plating ; Rose Gold"
W-HOB502,HOB502,WATCHES,WOMEN,WATCHES_WOMEN,,"Brass Case ; SS Chain ; Shaffer Pattern ; IP Plating ; Rose Gold"
W-HOB503,HOB503,WATCHES,WOMEN,WATCHES_WOMEN,,"Brass Case ; SS Chain ; Shaffer Pattern ; IP Plating ; Rose Gold"
W-HOB504,HOB504,WATCHES,WOMEN,WATCHES_WOMEN,,"Brass Case ; SS Chain ; Shaffer Pattern ; IP Plating ; Rose Gold"
W-HOB505,HOB505,WATCHES,WOMEN,WATCHES_WOMEN,,"Brass Case ; SS Chain ; Shaffer Pattern ; IP Plating ; Rose Gold"
W-HOB506,HOB506,WATCHES,WOMEN,WATCHES_WOMEN,,"Alloy Case ; SS Chain ; Round shape ; IP Plating ; IPS"
W-HOB507,HOB507,WATCHES,WOMEN,WATCHES_WOMEN,,"Alloy Case ; SS Chain ; Round shape ; IP Plating ; IPS"
W-HOB508,HOB508,WATCHES,WOMEN,WATCHES_WOMEN,,"Alloy Case ; SS Chain ; Round shape ; IP Plating ; IPS"
W-HOB509,HOB509,WATCHES,WOMEN,WATCHES_WOMEN,,"Alloy Case ; SS Chain ; Round shape ; IP Plating ; IPS"
W-HOB510,HOB510,WATCHES,WOMEN,WATCHES_WOMEN,,"Alloy Case ; SS Chain ; Round shape ; IP Plating ; IPS"
W-HOB511,HOB511,WATCHES,WOMEN,WATCHES_WOMEN,,"Alloy Case ; SS Chain ; Round shape ; IP Plating ; IPS"
W-HOB512,HOB512,WATCHES,WOMEN,WATCHES_WOMEN,,"Brass Case ; SS Chain ; Round shape ; IP Plating ; Gold"
W-HOB513,HOB513,WATCHES,WOMEN,WATCHES_WOMEN,,"Brass Case ; SS Chain ; Round shape ; IP Plating ; Gold"
W-HOB514,HOB514,WATCHES,WOMEN,WATCHES_WOMEN,,"Brass Case ; SS Chain ; Round shape ; IP Plating ; Gold"
W-HOB515,HOB515,WATCHES,WOMEN,WATCHES_WOMEN,,"Brass Case ; SS Chain ; Round shape ; IP Plating ; Rose Gold"
W-HOB516,HOB516,WATCHES,WOMEN,WATCHES_WOMEN,,"Brass Case ; SS Chain ; Round shape ; IP Plating ; Black"
W-HOB517,HOB517,WATCHES,WOMEN,WATCHES_WOMEN,,"Brass Case ; SS Chain ; Round shape ; IP Plating ; Rose Gold"
W-HOB518,HOB518,WATCHES,WOMEN,WATCHES_WOMEN,,"Brass Case ; SS Chain ; Round shape ; IP Plating ; Rose Gold"
W-HOB519,HOB519,WATCHES,WOMEN,WATCHES_WOMEN,,"Brass Case ; SS Chain ; Round shape ; IP Plating ; Rose Gold"
W-HOB520,HOB520,WATCHES,WOMEN,WATCHES_WOMEN,,"Brass Case ; SS Chain ; Round shape ; IP Plating ; Black"
W-HOB521,HOB521,WATCHES,WOMEN,WATCHES_WOMEN,,"Brass Case ; SS Chain ; Round shape ; IP Plating ; Rose Gold"
W-HOB522,HOB522,WATCHES,WOMEN,WATCHES_WOMEN,,"Brass Case ; SS Chain ; Round shape ; IP Plating ; Rose Gold"
W-HOB523,HOB523,WATCHES,WOMEN,WATCHES_WOMEN,,"Brass Case ; SS Chain ; Round shape ; IP Plating ; Rose Gold"
W-HOB524,HOB524,WATCHES,WOMEN,WATCHES_WOMEN,,"Brass Case ; SS Chain ; Round shape ; IP Plating ; Black"
W-HOB525,HOB525,WATCHES,WOMEN,WATCHES_WOMEN,,"Brass Case ; SS Chain ; Round shape ; IP Plating ; IPS"
W-HOB526,HOB526,WATCHES,WOMEN,WATCHES_WOMEN,,"Brass Case ; SS Chain ; Round shape ; IP Plating ; IPS"
W-HOB527,HOB527,WATCHES,WOMEN,WATCHES_WOMEN,,"Brass Case ; SS Chain ; Round shape ; IP Plating ; IPS"
W-HOB528,HOB528,WATCHES,WOMEN,WATCHES_WOMEN,,"Brass Case ; SS Chain ; Round shape ; IP Plating ; IPS"
W-HOB529,HOB529,WATCHES,WOMEN,WATCHES_WOMEN,,"Brass Case ; SS Chain ; Round shape ; IP Plating ; IPS"
W-HOB530,HOB530,WATCHES,WOMEN,WATCHES_WOMEN,,"Alloy Case ; Alloy Chain ; Round shape ; IP Plating ; Rose Gold"
W-HOB531,HOB531,WATCHES,WOMEN,WATCHES_WOMEN,,"Alloy Case ; Alloy Chain ; Round shape ; IP Plating ; Rose Gold"
W-HOB532,HOB532,WATCHES,WOMEN,WATCHES_WOMEN,,"Alloy Case ; Alloy Chain ; Round shape ; IP Plating ; Rose Gold"
W-HOB533,HOB533,WATCHES,WOMEN,WATCHES_WOMEN,,"Alloy Case ; Alloy Chain ; Round shape ; IP Plating ; Rose Gold"
W-HOB534,HOB534,WATCHES,WOMEN,WATCHES_WOMEN,,"Alloy Case ; Alloy Chain ; Round shape ; Dummy Multi Dial ; Rose Gold"
W-HOB535,HOB535,WATCHES,WOMEN,WATCHES_WOMEN,,"Alloy Case ; Alloy Chain ; Round shape ; Dummy Multi Dial ; Rose Gold"
W-HOB536,HOB536,WATCHES,WOMEN,WATCHES_WOMEN,,"Alloy Case ; Alloy Chain ; Round shape ; Dummy Multi Dial ; Rose Gold"
W-HOB537,HOB537,WATCHES,WOMEN,WATCHES_WOMEN,,"Brass Case ; SS Chain ; Shaffer Pattern ; IP Plating ; Rose Gold"
W-HOB538,HOB538,WATCHES,WOMEN,WATCHES_WOMEN,,"Brass Case ; SS Chain ; Shaffer Pattern ; IP Plating ; Rose Gold"
W-HOB539,HOB539,WATCHES,WOMEN,WATCHES_WOMEN,,"Brass Case ; SS Chain ; Shaffer Pattern ; IP Plating ; Rose Gold"
W-HOB540,HOB540,WATCHES,WOMEN,WATCHES_WOMEN,,"Brass Case ; SS Chain ; Shaffer Pattern ; IP Plating ; Rose Gold"
W-HOB541,HOB541,WATCHES,WOMEN,WATCHES_WOMEN,,"Alloy Case ; Leather Band ; Genuine Leather ; IP Plating ; Rose Gold"
W-HOB542,HOB542,WATCHES,WOMEN,WATCHES_WOMEN,,"Alloy Case ; Leather Band ; Genuine Leather ; IP Plating ; Rose Gold"
W-HOB543,HOB543,WATCHES,WOMEN,WATCHES_WOMEN,,"Alloy Case ; Leather Band ; Genuine Leather ; IP Plating ; Rose Gold"
W-HOB544,HOB544,WATCHES,WOMEN,WATCHES_WOMEN,,"Alloy Case ; Leather Band ; Genuine Leather ; IP Plating ; Rose Gold"
W-HOB545,HOB545,WATCHES,WOMEN,WATCHES_WOMEN,,"Alloy Case ; Leather Band ; Genuine Leather ; IP Plating ; Rose Gold"
W-HOB546,HOB546,WATCHES,WOMEN,WATCHES_WOMEN,,"Alloy Case ; Leather Band ; Genuine Leather ; IP Plating ; Rose Gold"
W-HOB547,HOB547,WATCHES,WOMEN,WATCHES_WOMEN,,"Brass Case ; Leather Band ; Genuine Leather ; IP Plating ; Rose Gold"
W-HOB548,HOB548,WATCHES,WOMEN,WATCHES_WOMEN,,"Brass Case ; Leather Band ; Genuine Leather ; IP Plating ; Rose Gold"
W-HOB549,HOB549,WATCHES,WOMEN,WATCHES_WOMEN,,"Brass Case ; Leather Band ; Genuine Leather ; IP Plating ; Rose Gold"
W-HOB550,HOB550,WATCHES,WOMEN,WATCHES_WOMEN,,"Brass Case ; Leather Band ; Genuine Leather ; IP Plating ; Rose Gold"
W-HOB551,HOB551,WATCHES,WOMEN,WATCHES_WOMEN,,"Alloy Case ; SS Chain ; Shaffer Pattern ; IP Plating ; Black"
W-HOB552,HOB552,WATCHES,WOMEN,WATCHES_WOMEN,,"Alloy Case ; SS Chain ; Shaffer Pattern ; IP Plating ; Black"
W-HOB553,HOB553,WATCHES,WOMEN,WATCHES_WOMEN,,"Alloy Case ; SS Chain ; Shaffer Pattern ; IP Plating ; Black"
W-HOB554,HOB554,WATCHES,WOMEN,WATCHES_WOMEN,,"Alloy Case ; SS Chain ; Shaffer Pattern ; IP Plating ; Black"
W-HOB555,HOB555,WATCHES,WOMEN,WATCHES_WOMEN,,"Alloy Case ; SS Chain ; Shaffer Pattern ; IP Plating ; Black"
W-HOB556,HOB556,WATCHES,WOMEN,WATCHES_WOMEN,,"Brass Case ; Leather Band ; Genuine Leather ; IP Plating ; Rose Gold"
W-HOB557,HOB557,WATCHES,WOMEN,WATCHES_WOMEN,,"Brass Case ; Leather Band ; Genuine Leather ; IP Plating ; Rose Gold"
W-HOB558,HOB558,WATCHES,WOMEN,WATCHES_WOMEN,,"Brass Case ; Leather Band ; Genuine Leather ; IP Plating ; Rose Gold"
W-HOB559,HOB559,WATCHES,WOMEN,WATCHES_WOMEN,,"Brass Case ; Leather Band ; Genuine Leather ; IP Plating ; Rose Gold"
W-HOB560,HOB560,WATCHES,WOMEN,WATCHES_WOMEN,,"Brass Case ; Leather Band ; Genuine Leather ; IP Plating ; Rose Gold"
W-HOB561,HOB561,WATCHES,WOMEN,WATCHES_WOMEN,,"Alloy Case ; Alloy Chain ; Designer Dial ; IP Plating ; Rose Gold"
W-HOB562,HOB562,WATCHES,WOMEN,WATCHES_WOMEN,,"Alloy Case ; Alloy Chain ; Designer Dial ; IP Plating ; Rose Gold"
W-HOB563,HOB563,WATCHES,WOMEN,WATCHES_WOMEN,,"Alloy Case ; Alloy Chain ; Designer Dial ; IP Plating ; Rose Gold"
W-HOB564,HOB564,WATCHES,WOMEN,WATCHES_WOMEN,,"Alloy Case ; Alloy Chain ; Designer Dial ; IP Plating ; Rose Gold"
W-HOB565,HOB565,WATCHES,WOMEN,WATCHES_WOMEN,,"Alloy Case ; Alloy Chain ; Designer Dial ; IP Plating ; Rose Gold"
W-HOB566,HOB566,WATCHES,WOMEN,WATCHES_WOMEN,,"Alloy Case ; Alloy Chain ; Designer Dial ; IP Plating ; Rose Gold"
W-HOB567,HOB567,WATCHES,WOMEN,WATCHES_WOMEN,,"Brass Case ; SS Chain ; Shaffer Pattern ; IP Plating ; Rose Gold"
W-HOB568,HOB568,WATCHES,WOMEN,WATCHES_WOMEN,,"Brass Case ; SS Chain ; Shaffer Pattern ; IP Plating ; Rose Gold"
W-HOB569,HOB569,WATCHES,WOMEN,WATCHES_WOMEN,,"Brass Case ; SS Chain ; Shaffer Pattern ; IP Plating ; Rose Gold"
W-HOB570,HOB570,WATCHES,WOMEN,WATCHES_WOMEN,,"Brass Case ; SS Chain ; Shaffer Pattern ; IP Plating ; Rose Gold"
W-HOB571,HOB571,WATCHES,WOMEN,WATCHES_WOMEN,,"Brass Case ; SS Chain ; Shaffer Pattern ; IP Plating ; Rose Gold"
W-HOB572,HOB572,WATCHES,WOMEN,WATCHES_WOMEN,,"Brass Case ; SS Chain ; Designer Dial ; IP Plating ; Rose Gold"
W-HOB573,HOB573,WATCHES,WOMEN,WATCHES_WOMEN,,"Brass Case ; SS Chain ; Designer Dial ; IP Plating ; IPS"
W-HOB574,HOB574,WATCHES,WOMEN,WATCHES_WOMEN,,"Brass Case ; SS Chain ; Designer Dial ; IP Plating ; Rose Gold"
W-HOB575,HOB575,WATCHES,WOMEN,WATCHES_WOMEN,,"Brass Case ; SS Chain ; Designer Dial ; IP Plating ; IPS"
W-HOB576,HOB576,WATCHES,WOMEN,WATCHES_WOMEN,,"Brass Case ; SS Chain ; Designer Dial ; IP Plating ; IPS"
HOBK01,HOBK01,WATCHES,KIDS,WATCHES_KIDS,,"Black Metal Dial ; Blue 3D Sillicone Strap ; Round Analog ; Boys and Girls Watch"
HOBK02,HOBK02,WATCHES,KIDS,WATCHES_KIDS,,"Black Metal Dial ; Blue 3D Sillicone Strap ; Round Analog ; Boys and Girls Watch"
HOBK03,HOBK03,WATCHES,KIDS,WATCHES_KIDS,,"Black Metal Dial ; Pink 3D Sillicone Strap ; Round Analog ; Boys and Girls Watch"
HOBK04,HOBK04,WATCHES,KIDS,WATCHES_KIDS,,"Black Metal Dial ; Purple 3D Sillicone Strap ; Round Analog ; Boys and Girls Watch"
HOBK05,HOBK05,WATCHES,KIDS,WATCHES_KIDS,,"Black Metal Dial ; Yellow 3D Sillicone Strap ; Round Analog ; Boys and Girls Watch"
HOBK06,HOBK06,WATCHES,KIDS,WATCHES_KIDS,,"Black Metal Dial ; Pink 3D Sillicone Strap ; Round Analog ; Boys and Girls Watch"
HOBK07,HOBK07,WATCHES,KIDS,WATCHES_KIDS,,"Black Metal Dial ; Black 3D Sillicone Strap ; Round Analog ; Boys and Girls Watch"
HOBK08,HOBK08,WATCHES,KIDS,WATCHES_KIDS,,"Black Metal Dial ; Black 3D Sillicone Strap ; Round Analog ; Boys and Girls Watch"
HOBK09,HOBK09,WATCHES,KIDS,WATCHES_KIDS,,"Black Metal Dial ; Black 3D Sillicone Strap ; Round Analog ; Boys and Girls Watch"
HOBK10,HOBK10,WATCHES,KIDS,WATCHES_KIDS,,"Silver Metal Dial ; Pink 3D Sillicone Strap ; Round Analog ; Boys and Girls Watch"
HOBK11,HOBK11,WATCHES,KIDS,WATCHES_KIDS,,"Silver Metal Dial ; Green 3D Sillicone Strap ; Round Analog ; Boys and Girls Watch"
HOBK12,HOBK12,WATCHES,KIDS,WATCHES_KIDS,,"Silver Metal Dial ; Blue 3D Sillicone Strap ; Round Analog ; Boys and Girls Watch"
HOBK13,HOBK13,WATCHES,KIDS,WATCHES_KIDS,,"Silver Metal Dial ; Red 3D Sillicone Strap ; Round Analog ; Boys and Girls Watch"
HOBK14,HOBK14,WATCHES,KIDS,WATCHES_KIDS,,"Silver Metal Dial ; Red 3D Sillicone Strap ; Round Analog ; Boys and Girls Watch"
HOBK15,HOBK15,WATCHES,KIDS,WATCHES_KIDS,,"Silver Metal Dial ; Blue 3D Sillicone Strap ; Round Analog ; Boys and Girls Watch"
HOBK16,HOBK16,WATCHES,KIDS,WATCHES_KIDS,,"Silver Metal Dial ; Pink 3D Sillicone Strap ; Round Analog ; Boys and Girls Watch"
HOBK17,HOBK17,WATCHES,KIDS,WATCHES_KIDS,,"Silver Metal Dial ; Red 3D Sillicone Strap ; Round Analog ; Boys and Girls Watch"
HOBK18,HOBK18,WATCHES,KIDS,WATCHES_KIDS,,"Silver Metal Dial ; Pink 3D Sillicone Strap ; Round Analog ; Boys and Girls Watch"
HOBK19,HOBK19,WATCHES,KIDS,WATCHES_KIDS,,"Silver Metal Dial ; Purple 3D Sillicone Strap ; Round Analog ; Boys and Girls Watch"
HOBK20,HOBK20,WATCHES,KIDS,WATCHES_KIDS,,"Silver Metal Dial ; Blue 3D Sillicone Strap ; Round Analog ; Boys and Girls Watch"
HOBK21,HOBK21,WATCHES,KIDS,WATCHES_KIDS,,"Silver Metal Dial ; Cream 3D Sillicone Strap ; Round Analog ; Boys and Girls Watch"
HOBK22,HOBK22,WATCHES,KIDS,WATCHES_KIDS,,"Silver Metal Dial ; Yellow 3D Sillicone Strap ; Round Analog ; Boys and Girls Watch"
HOBK23,HOBK23,WATCHES,KIDS,WATCHES_KIDS,,"Silver Metal Dial ; Red 3D Sillicone Strap ; Round Analog ; Boys and Girls Watch"
HOBK24,HOBK24,WATCHES,KIDS,WATCHES_KIDS,,"Black Metal Dial ; Red 3D Sillicone Strap ; Round Analog ; Boys and Girls Watch"
HOBK25,HOBK25,WATCHES,KIDS,WATCHES_KIDS,,"Black Metal Dial ; Purple 3D Sillicone Strap ; Round Analog ; Boys and Girls Watch"
HOBK26,HOBK26,WATCHES,KIDS,WATCHES_KIDS,,"Black Metal Dial ; Pink 3D Sillicone Strap ; Round Analog ; Boys and Girls Watch"
HOBK27,HOBK27,WATCHES,KIDS,WATCHES_KIDS,,"Black Metal Dial ; White 3D Sillicone Strap ; Round Analog ; Boys and Girls Watch"
HOBK28,HOBK28,WATCHES,KIDS,WATCHES_KIDS,,"Silver Metal Dial ; Pink 3D Sillicone Strap ; Round Analog ; Boys and Girls Watch"
HOBK29,HOBK29,WATCHES,KIDS,WATCHES_KIDS,,"Silver Metal Dial ; White 3D Sillicone Strap ; Round Analog ; Boys and Girls Watch"
HOBK30,HOBK30,WATCHES,KIDS,WATCHES_KIDS,,"Silver Metal Dial ; Blue 3D Sillicone Strap ; Round Analog ; Boys and Girls Watch"
HOBK31,HOBK31,WATCHES,KIDS,WATCHES_KIDS,,"Silver Metal Dial ; Pink 3D Sillicone Strap ; Round Analog ; Boys and Girls Watch"
HOBK32,HOBK32,WATCHES,KIDS,WATCHES_KIDS,,"Pink Plastic Dial ; Black Silicone Strap ; Round Analog ; Boys and Girls Watch"
HOBK33,HOBK33,WATCHES,KIDS,WATCHES_KIDS,,"White Plastic Dial ; Blue Silicone Strap ; Round Analog ; Boys and Girls Watch"
HOBK34,HOBK34,WATCHES,KIDS,WATCHES_KIDS,,"Black Plastic Dial ; Black Silicone Strap ; Rectangul Analog ; Boys and Girls Watch"
HOBK35,HOBK35,WATCHES,KIDS,WATCHES_KIDS,,"Black Plastic Dial ; Orange Silicone Strap ; Rectangul Analog ; Boys and Girls Watch"
HOBK36,HOBK36,WATCHES,KIDS,WATCHES_KIDS,,"Black Plastic Dial ; Orange Silicone Strap ; Round Analog ; Boys and Girls Watch"
HOBK37,HOBK37,WATCHES,KIDS,WATCHES_KIDS,,"Blue Plastic Dial ; Blue Silicone Strap ; Round Analog ; Boys and Girls Watch"
HOBK38,HOBK38,WATCHES,KIDS,WATCHES_KIDS,,"Green Plastic Dial ; Green Silicone Strap ; Round Analog ; Boys and Girls Watch"
HOBK39,HOBK39,WATCHES,KIDS,WATCHES_KIDS,,"Blue Plastic Dial ; Cream Silicone Strap ; Round Analog ; Boys and Girls Watch"
HOBK40,HOBK40,WATCHES,KIDS,WATCHES_KIDS,,"Blue Plastic Dial ; Purple Silicone Strap ; Round Analog ; Boys and Girls Watch"
HOBK41,HOBK41,WATCHES,KIDS,WATCHES_KIDS,,"Red Plastic Dial ; White Silicone Strap ; Round Analog ; Boys and Girls Watch"
HOBK42,HOBK42,WATCHES,KIDS,WATCHES_KIDS,,"Orange Plastic Dial ; Blue Silicone Strap ; Round Analog ; Boys and Girls Watch"
HOBK43,HOBK43,WATCHES,KIDS,WATCHES_KIDS,,"Pink Plastic Dial ; Purple Silicone Strap ; Round Analog ; Boys and Girls Watch"
HOBK44,HOBK44,WATCHES,KIDS,WATCHES_KIDS,,"Blue Plastic Dial ; Blue Silicone Strap ; Round Analog ; Boys and Girls Watch"
HOBK45,HOBK45,WATCHES,KIDS,WATCHES_KIDS,,"Green Plastic Dial ; Green Silicone Strap ; Round Analog ; Boys and Girls Watch"
HOBK46,HOBK46,WATCHES,KIDS,WATCHES_KIDS,,"Pink Plastic Dial ; Pink Silicone Strap ; Round Analog ; Boys and Girls Watch"
HOBK47,HOBK47,WATCHES,KIDS,WATCHES_KIDS,,"Pink Plastic Dial ; Black Silicone Strap ; Rectangular Analog ; Boys and Girls Watch"
HOBK48,HOBK48,WATCHES,KIDS,WATCHES_KIDS,,"Pink Plastic Dial ; Pink Silicone Strap ; Rectangular Analog ; Boys and Girls Watch"
HOBK49,HOBK49,WATCHES,KIDS,WATCHES_KIDS,,"Purple Plastic Dial ; Purple Silicone Strap ; Rectangular Analog ; Boys and Girls Watch"
HOBK50,HOBK50,WATCHES,KIDS,WATCHES_KIDS,,"Orange Plastic Dial ; Orange Silicone Strap ; Round Analog ; Boys and Girls Watch"
HOBK51,HOBK51,WATCHES,KIDS,WATCHES_KIDS,,"Pink Plastic Dial ; Pink Silicone Strap ; Round Analog ; Boys and Girls Watch"
HOBK52,HOBK52,WATCHES,KIDS,WATCHES_KIDS,,"Red Plastic Dial ; Red Silicone Strap ; Round Analog ; Boys and Girls Watch"
