id,category,gender,price,desc
MH-09-RG,WATCHES,MEN,375,Alloy Case ; SS Chain ; Shaffer Patern ; IP Plating ; Rose Gold
MH-211-RG,WATCHES,MEN,375,Alloy Case ; SS Chain ; Shaffer Patern ; IP Plating ; Rose Gold
MH-225-RG,WATCHES,MEN,375,Alloy Case ; SS Chain ; Shaffer Patern ; IP Plating ; Rose Gold
MH-226-RG,WATCHES,MEN,375,Alloy Case ; SS Chain ; Shaffer Patern ; IP Plating ; Rose Gold
MH-227-RG,WATCHES,MEN,375,Alloy Case ; SS Chain ; Shaffer Patern ; IP Plating ; Rose Gold
MH-228-BK,WATCHES,MEN,375,Alloy Case ; SS Chain ; Shaffer Patern ; IP Plating ; Rose Gold
MH-101-GR,WATCHES,MEN,440,Brass Case ; SS Chain ; Shaffer Patern ; IP Plating ; IPS
MH-103-WH,WATCHES,MEN,440,Brass Case ; SS Chain ; Shaffer Patern ; IP Plating ; IPS
MH-212-BK,WATCHES,MEN,440,Brass Case ; SS Chain ; Shaffer Patern ; IP Plating ; IPS
MH-213-SL,WATCHES,MEN,440,Brass Case ; SS Chain ; Shaffer Patern ; IP Plating ; IPS
MH-104-BK,WATCHES,MEN,390,Alloy Case ; SS Chain ; Lobor Lock ; IP Plating ; IPS
MH-204-SL,WATCHES,MEN,390,Alloy Case ; SS Chain ; Lobor Lock ; IP Plating ; IPS
MH-207-SL,WATCHES,MEN,390,Alloy Case ; SS Chain ; Lobor Lock ; IP Plating ; IPS
MH-208-GR,WATCHES,MEN,390,Alloy Case ; SS Chain ; Lobor Lock ; IP Plating ; IPS
MH-244-BK,WATCHES,MEN,390,Alloy Case ; SS Chain ; Lobor Lock ; IP Plating ; IPS
MH-245-WH,WATCHES,MEN,390,Alloy Case ; SS Chain ; Lobor Lock ; IP Plating ; IPS
MH-215-GD,WATCHES,MEN,430,Alloy Case ; SS Chain ; Lobor Lock ; IP Plating ; Gold
MH-216-GD,WATCHES,MEN,430,Alloy Case ; SS Chain ; Lobor Lock ; IP Plating ; Gold
MH-217-GD,WATCHES,MEN,430,Alloy Case ; SS Chain ; Lobor Lock ; IP Plating ; Gold
MH-218-GD,WATCHES,MEN,430,Alloy Case ; SS Chain ; Lobor Lock ; IP Plating ; Gold
MH-219-RG,WATCHES,MEN,475,Alloy Case ; SS Chain ; Lobor Lock ; IP Plating ; Rose Gold
MH-220-GD,WATCHES,MEN,375,Alloy Case ; SS Chain ; Shaffer Patern ; IP Plating ; Rose Gold
MH-221-GD,WATCHES,MEN,375,Alloy Case ; SS Chain ; Shaffer Patern ; IP Plating ; Rose Gold
MH-222-SL,WATCHES,MEN,320,Alloy Case ; SS Chain ; Shaffer Patern ; IP Plating ; IPS
MH-223-SL,WATCHES,MEN,320,Alloy Case ; SS Chain ; Shaffer Patern ; IP Plating ; IPS
MH-229-BK,WATCHES,MEN,380,Alloy Case ; SS Chain ; Shaffer Patern ; IP Plating ; Black
MH-230-SL,WATCHES,MEN,320,Alloy Case ; SS Chain ; Shaffer Patern ; IP Plating ; IPS
MH-231-SL,WATCHES,MEN,320,Alloy Case ; SS Chain ; Shaffer Patern ; IP Plating ; IPS
MH-241-RG,WATCHES,MEN,380,Alloy Case ; SS Chain ; Shaffer Patern ; IP Plating ; Rose Gold
MH-242-RG,WATCHES,MEN,380,Alloy Case ; SS Chain ; Shaffer Patern ; IP Plating ; Rose Gold
MH-243-RG,WATCHES,MEN,380,Alloy Case ; SS Chain ; Shaffer Patern ; IP Plating ; Rose Gold
MH232-GRY,WATCHES,MEN,275,Alloy Case ; Silicon Band ; Designer Dial ; IP Plating ; Black
MH-234-BK,WATCHES,MEN,275,Alloy Case ; Silicon Band ; Designer Dial ; IP Plating ; Black
MH-238-GR,WATCHES,MEN,275,Alloy Case ; Silicon Band ; Designer Dial ; IP Plating ; Green
MH-239-WH,WATCHES,MEN,275,Alloy Case ; Silicon Band ; Designer Dial ; IP Plating ; Silver
MH-240-BL,WATCHES,MEN,275,Alloy Case ; Silicon Band ; Designer Dial ; IP Plating ; Blue
MH-235-BK,WATCHES,MEN,275,Alloy Case ; Silicon Band ; Designer Dial ; IP Plating ; Black
MH-237-BL,WATCHES,MEN,275,Alloy Case ; Silicon Band ; Designer Dial ; IP Plating ; Blue
RD-01-BR,WATCHES,MEN,275,Alloy Case ; Silicon Band ; Designer Dial ; IP Plating ; Dark Brown
RD-100-BL,WATCHES,MEN,275,Alloy Case ; Silicon Band ; Designer Dial ; IP Plating ; Silver
RD-101-BK,WATCHES,MEN,275,Alloy Case ; Silicon Band ; Designer Dial ; IP Plating ; Black
RD-102-WH,WATCHES,MEN,275,Alloy Case ; Silicon Band ; Designer Dial ; IP Plating ; Silver
RD-103-BK,WATCHES,MEN,390,Alloy Case ; SS Chain ; Lobor Lock ; IP Plating ; IPS
RD-103-WH,WATCHES,MEN,390,Alloy Case ; SS Chain ; Lobor Lock ; IP Plating ; IPS
RD-104-BK,WATCHES,MEN,390,Alloy Case ; SS Chain ; Lobor Lock ; IP Plating ; IPS
RD-105-BK,WATCHES,MEN,390,Alloy Case ; SS Chain ; Lobor Lock ; IP Plating ; IPS
RD-106-BL,WATCHES,MEN,390,Alloy Case ; SS Chain ; Lobor Lock ; IP Plating ; IPS
RD-107-BK,WATCHES,MEN,390,Alloy Case ; SS Chain ; Lobor Lock ; IP Plating ; IPS
RD-108-BK,WATCHES,MEN,390,Alloy Case ; SS Chain ; Lobor Lock ; IP Plating ; IPS
RD-123-SL,WATCHES,MEN,390,Alloy Case ; SS Chain ; Lobor Lock ; IP Plating ; IPS
RD-124-BL,WATCHES,MEN,390,Alloy Case ; SS Chain ; Lobor Lock ; IP Plating ; IPS
RD-111-BL,WATCHES,MEN,275,Alloy Case ; Silicon Band ; Designer Dial ; IP Plating ; Blue
RD-112-GY,WATCHES,MEN,275,Alloy Case ; Silicon Band ; Designer Dial ; IP Plating ; Silver
RD-113-BK,WATCHES,MEN,275,Alloy Case ; Silicon Band ; Designer Dial ; IP Plating ; Black
RD-117-BK,WATCHES,MEN,275,Alloy Case ; Silicon Band ; Designer Dial ; IP Plating ; Black
RD-119-BK,WATCHES,MEN,275,Alloy Case ; Silicon Band ; Designer Dial ; IP Plating ; Black
RD-120-BK,WATCHES,MEN,275,Alloy Case ; Silicon Band ; Designer Dial ; IP Plating ; Black
RD-114-BL,WATCHES,MEN,275,Alloy Case ; Silicon Band ; Designer Dial ; IP Plating ; Blue
RD-115-GR,WATCHES,MEN,275,Alloy Case ; Silicon Band ; Designer Dial ; IP Plating ; Green
RD-116-BK,WATCHES,MEN,275,Alloy Case ; Silicon Band ; Designer Dial ; IP Plating ; Silver
RD-118-WH,WATCHES,MEN,275,Alloy Case ; Silicon Band ; Designer Dial ; IP Plating ; Black
RD-121-GRY,WATCHES,MEN,275,Alloy Case ; Silicon Band ; Designer Dial ; IP Plating ; Black
RD-125-GRY,WATCHES,MEN,275,Alloy Case ; Silicon Band ; Designer Dial ; IP Plating ; Black
RD-132-GR,WATCHES,MEN,275,Alloy Case ; Silicon Band ; Designer Dial ; IP Plating ; Silver
RD-133-BL,WATCHES,MEN,275,Alloy Case ; Silicon Band ; Designer Dial ; IP Plating ; Silver
RD-136-BK,WATCHES,MEN,275,Alloy Case ; Silicon Band ; Designer Dial ; IP Plating ; Black
RD-137-WH,WATCHES,MEN,275,Alloy Case ; Silicon Band ; Designer Dial ; IP Plating ; Black
RD-128-BL,WATCHES,MEN,275,Alloy Case ; Silicon Band ; Designer Dial ; IP Plating ; Silver
RD-129-GR,WATCHES,MEN,275,Alloy Case ; Silicon Band ; Designer Dial ; IP Plating ; Black
RD-130-GR,WATCHES,MEN,275,Alloy Case ; Silicon Band ; Designer Dial ; IP Plating ; Black
RD-134-GRY,WATCHES,MEN,275,Alloy Case ; Silicon Band ; Designer Dial ; IP Plating ; Black
RD-135-BK,WATCHES,MEN,275,Alloy Case ; Silicon Band ; Designer Dial ; IP Plating ; Black
WRG495GR,WATCHES,MEN,590,Brass Case ; SS Chain ; Shaffer Patern ; IP Plating ; Rose Gold
WRG495RG,WATCHES,MEN,590,Brass Case ; SS Chain ; Shaffer Patern ; IP Plating ; Rose Gold
WRG495WH,WATCHES,MEN,590,Brass Case ; SS Chain ; Shaffer Patern ; IP Plating ; Rose Gold
WRG0496BK,WATCHES,MEN,590,Brass Case ; SS Chain ; Shaffer Patern ; IP Plating ; Black
WRG0421,WATCHES,MEN,390,Alloy Case ; SS Chain ; Lobor Lock ; IP Plating ; IPS
WRG0422,WATCHES,MEN,390,Alloy Case ; SS Chain ; Lobor Lock ; IP Plating ; IPS
WRG0423,WATCHES,MEN,390,Alloy Case ; SS Chain ; Lobor Lock ; IP Plating ; IPS
WRG48BL,WATCHES,MEN,295,Alloy Case ; Leather Band ; Genuine Leather ; IP Plating ; Silver
WRG0425,WATCHES,MEN,295,Alloy Case ; Leather Band ; Genuine Leather ; IP Plating ; Silver
WRG0433,WATCHES,MEN,295,Alloy Case ; Leather Band ; Genuine Leather ; IP Plating ; Black
WRG0438,WATCHES,MEN,295,Alloy Case ; Leather Band ; Genuine Leather ; IP Plating ; Black
WRG0447,WATCHES,MEN,295,Alloy Case ; SS Chain ; Solid Chain ; IP Plating ; IPS
WRG0448,WATCHES,MEN,295,Alloy Case ; SS Chain ; Solid Chain ; IP Plating ; IPS
WRG0469,WATCHES,MEN,295,Alloy Case ; SS Chain ; Solid Chain ; IP Plating ; IPS
WRG0470,WATCHES,MEN,295,Alloy Case ; SS Chain ; Solid Chain ; IP Plating ; IPS
WRG040A,WATCHES,MEN,345,Brass Case ; Leather Band ; Genuine Leather ; IP Plating ; Black
WRG040C,WATCHES,MEN,325,Brass Case ; Silicon Band ; Designer Dial ; IP Plating ; Black
WRG045C,WATCHES,MEN,345,Brass Case ; Leather Band ; Genuine Leather ; IP Plating ; Black
WRG045D,WATCHES,MEN,345,Brass Case ; Leather Band ; Genuine Leather ; IP Plating ; Black
WRG041E,WATCHES,MEN,445,Brass Case ; SS Chain ; Lobor Lock ; IP Plating ; IPS
WRG041F,WATCHES,MEN,445,Brass Case ; SS Chain ; Lobor Lock ; IP Plating ; IPS
WRG041H,WATCHES,MEN,495,Brass Case ; SS Chain ; Lobor Lock ; IP Plating ; Black
WRG41BL,WATCHES,MEN,445,Brass Case ; SS Chain ; Lobor Lock ; IP Plating ; IPS
WRG041A,WATCHES,MEN,325,Brass Case ; Silicon Band ; Designer Dial ; IP Plating ; Black
WRG041B,WATCHES,MEN,445,Brass Case ; SS Chain ; Lobor Lock ; IP Plating ; IPS
WRG041C,WATCHES,MEN,325,Brass Case ; Silicon Band ; Designer Dial ; IP Plating ; Black
WRG041D,WATCHES,MEN,445,Brass Case ; SS Chain ; Lobor Lock ; IP Plating ; IPS
WRG042A,WATCHES,MEN,345,Brass Case ; Leather Band ; Genuine Leather ; IP Plating ; Silver
WRG042B,WATCHES,MEN,345,Brass Case ; Leather Band ; Genuine Leather ; IP Plating ; Silver
WRG042C,WATCHES,MEN,345,Brass Case ; Leather Band ; Genuine Leather ; IP Plating ; Silver
WRG042D,WATCHES,MEN,345,Brass Case ; Leather Band ; Genuine Leather ; IP Plating ; Silver
WRG042E,WATCHES,MEN,345,Brass Case ; Leather Band ; Genuine Leather ; IP Plating ; Silver
WRG042F,WATCHES,MEN,345,Brass Case ; Leather Band ; Genuine Leather ; IP Plating ; Silver
WRG042G,WATCHES,MEN,345,Brass Case ; Leather Band ; Genuine Leather ; IP Plating ; Silver
WRG042H,WATCHES,MEN,345,Brass Case ; Leather Band ; Genuine Leather ; IP Plating ; Silver
WRG043A,WATCHES,MEN,345,Brass Case ; Leather Band ; Genuine Leather ; IP Plating ; Silver
WRG043C,WATCHES,MEN,345,Brass Case ; Leather Band ; Genuine Leather ; IP Plating ; Black
WRG048B,WATCHES,MEN,345,Brass Case ; Leather Band ; Genuine Leather ; IP Plating ; Silver
WRG048C,WATCHES,MEN,345,Brass Case ; Leather Band ; Genuine Leather ; IP Plating ; Silver
WRG048D,WATCHES,MEN,345,Brass Case ; Leather Band ; Genuine Leather ; IP Plating ; Silver
WRG048E,WATCHES,MEN,345,Brass Case ; Leather Band ; Genuine Leather ; IP Plating ; Silver
WRG048G,WATCHES,MEN,345,Brass Case ; Leather Band ; Genuine Leather ; IP Plating ; Silver
WRG0107A,WATCHES,MEN,445,Brass Case ; SS Chain ; Lobor Lock ; IP Plating ; IPS
WRG0107B,WATCHES,MEN,495,Brass Case ; SS Chain ; Lobor Lock ; IP Plating ; Black
WRG0107C,WATCHES,MEN,445,Brass Case ; SS Chain ; Lobor Lock ; IP Plating ; IPS
WRG050A,WATCHES,MEN,375,Alloy Case ; SS Chain ; Shaffer Patern ; IP Plating ; Black
WRG050B,WATCHES,MEN,310,Alloy Case ; SS Chain ; Shaffer Patern ; IP Plating ; IPS
WRG0428,WATCHES,MEN,375,Alloy Case ; SS Chain ; Shaffer Patern ; IP Plating ; Black
WRG0431,WATCHES,MEN,375,Alloy Case ; SS Chain ; Shaffer Patern ; IP Plating ; Black
WRG0434,WATCHES,MEN,295,Alloy Case ; Leather Band ; Genuine Leather ; IP Plating ; Silver
WRG0456,WATCHES,MEN,295,Alloy Case ; Leather Band ; Genuine Leather ; IP Plating ; Silver
WRG0457,WATCHES,MEN,295,Alloy Case ; Leather Band ; Genuine Leather ; IP Plating ; Silver
WRG0458,WATCHES,MEN,295,Alloy Case ; Leather Band ; Genuine Leather ; IP Plating ; Silver
WRG0459,WATCHES,MEN,295,Alloy Case ; Leather Band ; Genuine Leather ; IP Plating ; Silver
WRG0468,WATCHES,MEN,295,Alloy Case ; Leather Band ; Genuine Leather ; IP Plating ; Silver
WRG0439,WATCHES,MEN,295,Alloy Case ; Leather Band ; Genuine Leather ; IP Plating ; Silver
WRG0440,WATCHES,MEN,295,Alloy Case ; Leather Band ; Genuine Leather ; IP Plating ; Silver
WRG0443,WATCHES,MEN,295,Alloy Case ; Leather Band ; Genuine Leather ; IP Plating ; Silver
WRG0446,WATCHES,MEN,295,Alloy Case ; Leather Band ; Genuine Leather ; IP Plating ; Silver
WRG0451,WATCHES,MEN,325,Alloy Case ; SS Chain ; Shaffer Patern ; IP Plating ; IPS
WRG0452,WATCHES,MEN,375,Alloy Case ; SS Chain ; Shaffer Patern ; IP Plating ; Gold
WRG0453,WATCHES,MEN,375,Alloy Case ; SS Chain ; Shaffer Patern ; IP Plating ; Gold
WRG0455,WATCHES,MEN,310,Alloy Case ; SS Chain ; Shaffer Patern ; IP Plating ; IPS
WRG0460,WATCHES,MEN,310,Alloy Case ; SS Chain ; Shaffer Patern ; IP Plating ; IPS
WRG0461,WATCHES,MEN,310,Alloy Case ; SS Chain ; Shaffer Patern ; IP Plating ; IPS
WRG0046A,WATCHES,MEN,275,Alloy Case ; Silicon Band ; Designer Dial ; IP Plating ; Black
WRG0046C,WATCHES,MEN,275,Alloy Case ; Silicon Band ; Designer Dial ; IP Plating ; Black
WRG00464,WATCHES,MEN,275,Alloy Case ; Silicon Band ; Designer Dial ; IP Plating ; Black
WRG00465,WATCHES,MEN,275,Alloy Case ; Silicon Band ; Designer Dial ; IP Plating ; Black
WRG00466,WATCHES,MEN,275,Alloy Case ; Silicon Band ; Designer Dial ; IP Plating ; Black
WRG24415,WATCHES,MEN,275,Alloy Case ; Silicon Band ; Designer Dial ; IP Plating ; Black
WRG469A,WATCHES,MEN,390,Alloy Case ; SS Chain ; Lobor Lock ; IP Plating ; IPS
WRG470A,WATCHES,MEN,390,Alloy Case ; SS Chain ; Lobor Lock ; IP Plating ; IPS
WRG0471,WATCHES,MEN,450,Alloy Case ; SS Chain ; Lobor Lock ; IP Plating ; Black
WRG471A,WATCHES,MEN,390,Alloy Case ; SS Chain ; Lobor Lock ; IP Plating ; IPS
WRG472A,WATCHES,MEN,390,Alloy Case ; SS Chain ; Lobor Lock ; IP Plating ; IPS
WRG0473,WATCHES,MEN,450,Alloy Case ; SS Chain ; Lobor Lock ; IP Plating ; Black
WRG473A,WATCHES,MEN,390,Alloy Case ; SS Chain ; Lobor Lock ; IP Plating ; IPS
WRG0475,WATCHES,MEN,390,Alloy Case ; SS Chain ; Lobor Lock ; IP Plating ; IPS
WRG0476,WATCHES,MEN,390,Alloy Case ; SS Chain ; Lobor Lock ; IP Plating ; IPS
WRG0477,WATCHES,MEN,390,Alloy Case ; SS Chain ; Lobor Lock ; IP Plating ; IPS
WRG0478,WATCHES,MEN,390,Alloy Case ; SS Chain ; Lobor Lock ; IP Plating ; IPS
WRG0483,WATCHES,MEN,275,Alloy Case ; Silicon Band ; Designer Dial ; IP Plating ; Silver
WRG0484,WATCHES,MEN,275,Alloy Case ; Silicon Band ; Designer Dial ; IP Plating ; Silver
WRG0485,WATCHES,MEN,275,Alloy Case ; Silicon Band ; Designer Dial ; IP Plating ; Silver
WRG0486,WATCHES,MEN,275,Alloy Case ; Silicon Band ; Designer Dial ; IP Plating ; Silver
WRG0487,WATCHES,MEN,275,Alloy Case ; Silicon Band ; Designer Dial ; IP Plating ; Silver
WRG0488,WATCHES,MEN,275,Alloy Case ; Silicon Band ; Designer Dial ; IP Plating ; Silver
WRG0489,WATCHES,MEN,275,Alloy Case ; Silicon Band ; Designer Dial ; IP Plating ; Silver
WRG0490,WATCHES,MEN,275,Alloy Case ; Silicon Band ; Designer Dial ; IP Plating ; Silver
WRG0491,WATCHES,MEN,390,Alloy Case ; SS Chain ; Lobor Lock ; IP Plating ; IPS
WRG0492,WATCHES,MEN,390,Alloy Case ; SS Chain ; Lobor Lock ; IP Plating ; IPS
WRG0493,WATCHES,MEN,390,Alloy Case ; SS Chain ; Lobor Lock ; IP Plating ; IPS
WRG0494,WATCHES,MEN,390,Alloy Case ; SS Chain ; Lobor Lock ; IP Plating ; IPS
WRG0496GY,WATCHES,MEN,550,Brass Case ; SS Chain ; Shaffer Patern ; IP Plating ; Black
WRG496WH,WATCHES,MEN,550,Brass Case ; SS Chain ; Shaffer Patern ; IP Plating ; Black
WRGTL01SL,WATCHES,MEN,530,Brass Case ; SS Chain ; Solid Chain ; IP Plating ; Silver
WRGTL1GN,WATCHES,MEN,590,Brass Case ; SS Chain ; Solid Chain ; IP Plating ; Black
